date,open,high,low,close,volume,dividend,split_factor,adjusted_close,source
2021-08-26,951,956,928,943,362130,0,1,812.23113407,yahoo_bootstrap
2021-08-27,951,958,943,953,129152,0,1,820.84440166,yahoo_bootstrap
2021-08-30,964,988,951,983,479430,0,1,846.68420444,yahoo_bootstrap
2021-08-31,983,989,960,970,421108,0,1,835.48695657,yahoo_bootstrap
2021-09-01,971,984,961,968,226978,0,1,833.76430305,yahoo_bootstrap
2021-09-02,966,985,966,984,258162,0,1,847.5455312,yahoo_bootstrap
2021-09-03,976,987,962,974,250164,0,1,838.93226361,yahoo_bootstrap
2021-09-06,984,995,963,963,222231,0,1,829.45766925,yahoo_bootstrap
2021-09-07,970,974,936,954,392187,0,1,821.70572842,yahoo_bootstrap
2021-09-08,950,967,932,935,365240,0,1,805.34051999,yahoo_bootstrap
2021-09-09,915,915,894,908,884632,0,1,782.08469749,yahoo_bootstrap
2021-09-10,903,912,895,898,470504,0,1,773.4714299,yahoo_bootstrap
2021-09-13,899,900,872,890,636023,0,1,766.58081582,yahoo_bootstrap
2021-09-14,892,904,883,892,217103,0,1,768.30346934,yahoo_bootstrap
2021-09-15,887,917,886,901,399102,0,1,776.05541017,yahoo_bootstrap
2021-09-16,900,914,887,907,379120,0,1,781.22337073,yahoo_bootstrap
2021-09-17,912,933,908,930,678035,0,1,801.03388619,yahoo_bootstrap
2021-09-22,914,929,904,914,276053,0,1,787.25265805,yahoo_bootstrap
2021-09-23,955,962,932,955,705093,0,1,822.56705518,yahoo_bootstrap
2021-09-24,963,978,963,969,490244,0,1,834.62562981,yahoo_bootstrap
2021-09-27,964,972,938,950,537145,0,1,818.26042138,yahoo_bootstrap
2021-09-28,943,947,921,938,321035,0,1,807.92450027,yahoo_bootstrap
2021-09-29,933,936,903,906,446243,0,1,780.36204397,yahoo_bootstrap
2021-09-30,903,907,863,870,1082374,0,1,749.35428063,yahoo_bootstrap
2021-10-01,860,866,840,855,583627,0,1,736.43437924,yahoo_bootstrap
2021-10-04,855,861,828,828,403046,0,1,713.17855674,yahoo_bootstrap
2021-10-05,828,833,799,833,474102,0,1,717.48519054,yahoo_bootstrap
2021-10-06,834,835,795,795,607267,0,1,684.75477368,yahoo_bootstrap
2021-10-07,800,824,798,815,416047,0,1,701.98130887,yahoo_bootstrap
2021-10-08,823,837,811,827,443192,0,1,712.31722998,yahoo_bootstrap
2021-10-12,819,835,810,823,528422,0,1,708.87192294,yahoo_bootstrap
2021-10-13,834,834,799,801,256013,0,1,689.92273424,yahoo_bootstrap
2021-10-14,813,822,795,808,265244,0,1,695.95202155,yahoo_bootstrap
2021-10-15,800,805,771,781,1186319,0,1,672.69619905,yahoo_bootstrap
2021-10-18,775,800,759,784,708088,0,1,675.28017933,yahoo_bootstrap
2021-10-19,784,814,781,808,654076,0,1,695.95202155,yahoo_bootstrap
2021-10-20,808,820,808,810,269018,0,1,697.67467507,yahoo_bootstrap
2021-10-21,810,823,801,806,371016,0,1,694.22936804,yahoo_bootstrap
2021-10-22,795,818,795,810,380292,0,1,697.67467507,yahoo_bootstrap
2021-10-25,811,817,800,812,242093,0,1,699.39732859,yahoo_bootstrap
2021-10-26,838,882,836,864,1246035,0,1,744.18632008,yahoo_bootstrap
2021-10-27,852,865,842,850,647284,0,1,732.12774545,yahoo_bootstrap
2021-10-28,858,880,846,868,629122,0,1,747.63162712,yahoo_bootstrap
2021-10-29,868,889,854,889,719729,0,1,765.71948906,yahoo_bootstrap
2021-11-01,881,928,881,928,829343,0,1,799.31123268,yahoo_bootstrap
2021-11-02,910,930,875,886,750314,0,1,763.13550878,yahoo_bootstrap
2021-11-03,898,898,844,867,787585,0,1,746.77030036,yahoo_bootstrap
2021-11-04,895,924,888,905,1355334,0,1,779.50071721,yahoo_bootstrap
2021-11-05,903,944,900,939,913117,0,1,808.78582703,yahoo_bootstrap
2021-11-08,898,920,880,910,1492381,0,1,783.80735101,yahoo_bootstrap
2021-11-09,905,948,899,941,1688235,0,1,810.50848055,yahoo_bootstrap
2021-11-10,927,949,921,944,832542,0,1,813.09246083,yahoo_bootstrap
2021-11-11,928,953,928,950,649061,0,1,818.26042138,yahoo_bootstrap
2021-11-12,944,966,944,960,803102,0,1,826.87368898,yahoo_bootstrap
2021-11-15,960,986,951,971,760113,0,1,836.34828333,yahoo_bootstrap
2021-11-16,963,998,962,977,926944,0,1,841.51624388,yahoo_bootstrap
2021-11-17,984,1010,976,1010,958573,0,1,869.94002694,yahoo_bootstrap
2021-11-18,1015,1015,980,984,580593,0,1,847.5455312,yahoo_bootstrap
2021-11-19,999,1030,999,1010,928267,0,1,869.94002694,yahoo_bootstrap
2021-11-22,1005,1055,1000,1030,1063138,0,1,887.16656213,yahoo_bootstrap
2021-11-23,1030,1035,985,993,1193561,0,1,855.29747203,yahoo_bootstrap
2021-11-24,1000,1010,987,990,353045,0,1,852.71349176,yahoo_bootstrap
2021-11-25,995,1005,981,982,390239,0,1,845.82287768,yahoo_bootstrap
2021-11-26,985,997,975,989,368124,0,1,851.852165,yahoo_bootstrap
2021-11-29,980,1030,975,1020,663249,0,1,878.55329454,yahoo_bootstrap
2021-11-30,1040,1080,1030,1050,1579881,0,1,904.39309732,yahoo_bootstrap
2021-12-01,1030,1030,1005,1020,582214,0,1,878.55329454,yahoo_bootstrap
2021-12-02,1015,1040,989,1020,728112,0,1,878.55329454,yahoo_bootstrap
2021-12-03,1025,1045,995,998,648487,0,1,859.60410583,yahoo_bootstrap
2021-12-06,998,1000,986,995,684383,0,1,857.02012555,yahoo_bootstrap
2021-12-07,993,1020,991,1010,773101,0,1,869.94002694,yahoo_bootstrap
2021-12-08,1055,1075,1030,1050,1143583,0,1,904.39309732,yahoo_bootstrap
2021-12-09,1060,1080,1045,1080,1120185,0,1,930.2329001,yahoo_bootstrap
2021-12-10,1090,1095,1050,1065,649093,0,1,917.31299871,yahoo_bootstrap
2021-12-13,1075,1095,1065,1080,371121,0,1,930.2329001,yahoo_bootstrap
2021-12-14,1075,1095,1055,1070,722063,0,1,921.6196325,yahoo_bootstrap
2021-12-15,1070,1075,1045,1055,498042,0,1,908.69973111,yahoo_bootstrap
2021-12-16,1070,1085,1045,1055,976190,0,1,908.69973111,yahoo_bootstrap
2021-12-17,1045,1065,1045,1065,382752,0,1,917.31299871,yahoo_bootstrap
2021-12-20,1060,1060,1025,1025,431661,0,1,882.85992833,yahoo_bootstrap
2021-12-21,1035,1080,1030,1075,575095,0,1,925.9262663,yahoo_bootstrap
2021-12-22,1090,1115,1075,1110,754464,0,1,956.07270288,yahoo_bootstrap
2021-12-23,1120,1125,1095,1115,494843,0,1,960.37933667,yahoo_bootstrap
2021-12-24,1125,1130,1105,1110,174060,0,1,956.07270288,yahoo_bootstrap
2021-12-27,1110,1135,1110,1125,261148,0,1,968.99260427,yahoo_bootstrap
2021-12-28,1135,1135,1090,1110,352034,0,1,956.07270288,yahoo_bootstrap
2021-12-29,1110,1120,1100,1110,201030,0,1,956.07270288,yahoo_bootstrap
2021-12-30,1110,1120,1100,1115,216117,0,1,960.37933667,yahoo_bootstrap
2022-01-03,1115,1125,1080,1090,311323,0,1,938.84616769,yahoo_bootstrap
2022-01-04,1120,1135,1100,1135,562255,0,1,977.60587186,yahoo_bootstrap
2022-01-05,1115,1125,1095,1115,528427,0,1,960.37933667,yahoo_bootstrap
2022-01-06,1090,1095,1035,1040,834316,0,1,895.77982972,yahoo_bootstrap
2022-01-07,1055,1070,1030,1065,731164,0,1,917.31299871,yahoo_bootstrap
2022-01-10,1075,1110,1065,1110,794227,0,1,956.07270288,yahoo_bootstrap
2022-01-11,1095,1120,1070,1120,1083147,0,1,964.68597047,yahoo_bootstrap
2022-01-12,1120,1120,1085,1100,523021,0,1,947.45943528,yahoo_bootstrap
2022-01-13,1120,1120,1065,1085,365227,0,1,934.53953389,yahoo_bootstrap
2022-01-14,1070,1075,1040,1060,664227,0,1,913.00636491,yahoo_bootstrap
2022-01-17,1065,1090,1055,1075,622041,0,1,925.9262663,yahoo_bootstrap
2022-01-18,1075,1100,1070,1085,397020,0,1,934.53953389,yahoo_bootstrap
2022-01-19,1060,1095,1035,1085,998101,0,1,934.53953389,yahoo_bootstrap
2022-01-20,1085,1090,1005,1010,1328188,0,1,869.94002694,yahoo_bootstrap
2022-01-21,1010,1030,1005,1015,818093,0,1,874.24666074,yahoo_bootstrap
2022-01-24,1005,1020,985,1020,543053,0,1,878.55329454,yahoo_bootstrap
2022-01-25,1005,1010,983,985,667020,0,1,848.40685796,yahoo_bootstrap
2022-01-26,995,1010,992,996,353220,0,1,857.88145231,yahoo_bootstrap
2022-02-07,996,996,966,978,578026,0,1,842.37757064,yahoo_bootstrap
2022-02-08,991,994,980,985,361952,0,1,848.40685796,yahoo_bootstrap
2022-02-09,980,999,961,987,813062,0,1,850.12951148,yahoo_bootstrap
2022-02-10,996,1005,974,997,617059,0,1,858.74277907,yahoo_bootstrap
2022-02-11,997,1015,983,1005,636058,0,1,865.63339315,yahoo_bootstrap
2022-02-14,1005,1010,989,989,400306,0,1,851.852165,yahoo_bootstrap
2022-02-15,999,1020,998,1020,393006,0,1,878.55329454,yahoo_bootstrap
2022-02-16,1025,1055,1025,1045,524042,0,1,900.08646352,yahoo_bootstrap
2022-02-17,1040,1055,1030,1045,447066,0,1,900.08646352,yahoo_bootstrap
2022-02-18,1035,1050,1025,1045,274151,0,1,900.08646352,yahoo_bootstrap
2022-02-21,1030,1030,1005,1005,191181,0,1,865.63339315,yahoo_bootstrap
2022-02-22,1000,1010,988,1000,355067,0,1,861.32675935,yahoo_bootstrap
2022-02-23,1015,1015,995,995,201096,0,1,857.02012555,yahoo_bootstrap
2022-02-24,995,1000,974,977,325040,0,1,841.51624388,yahoo_bootstrap
2022-02-25,985,991,975,987,353185,0,1,850.12951148,yahoo_bootstrap
2022-03-01,980,990,967,969,932031,0,1,834.62562981,yahoo_bootstrap
2022-03-02,970,970,956,964,353054,0,1,830.31899601,yahoo_bootstrap
2022-03-03,970,970,930,933,653249,0,1,803.61786647,yahoo_bootstrap
2022-03-04,925,935,916,924,476168,0,1,795.86592564,yahoo_bootstrap
2022-03-07,907,920,903,909,766207,0,1,782.94602425,yahoo_bootstrap
2022-03-08,888,917,888,897,746052,0,1,772.61010314,yahoo_bootstrap
2022-03-09,924,953,919,951,802180,0,1,819.12174814,yahoo_bootstrap
2022-03-10,960,972,954,954,663111,0,1,821.70572842,yahoo_bootstrap
2022-03-11,949,967,945,964,484034,0,1,830.31899601,yahoo_bootstrap
2022-03-14,968,1030,968,1030,660161,0,1,887.16656213,yahoo_bootstrap
2022-03-15,1000,1000,942,945,998076,0,1,813.95378758,yahoo_bootstrap
2022-03-16,945,958,931,956,584080,0,1,823.42838194,yahoo_bootstrap
2022-03-17,984,1020,977,1010,803153,0,1,869.94002694,yahoo_bootstrap
2022-03-18,1015,1015,998,1005,368041,0,1,865.63339315,yahoo_bootstrap
2022-03-21,942,952,933,937,1020087,0,1,807.06317351,yahoo_bootstrap
2022-03-22,929,941,905,921,1989287,0,1,793.28194536,yahoo_bootstrap
2022-03-23,930,964,928,958,2129551,0,1,825.15103546,yahoo_bootstrap
2022-03-24,950,965,922,942,1342699,0,1,811.36980731,yahoo_bootstrap
2022-03-25,945,956,934,948,854018,0,1,816.53776786,yahoo_bootstrap
2022-03-28,938,941,917,920,635015,0,1,792.4206186,yahoo_bootstrap
2022-03-29,922,949,921,944,642136,0,1,813.09246083,yahoo_bootstrap
2022-03-30,976,1010,973,1005,1236091,0,1,865.63339315,yahoo_bootstrap
2022-03-31,1010,1020,985,1020,670269,0,1,878.55329454,yahoo_bootstrap
2022-04-01,1000,1000,977,990,864136,0,1,852.71349176,yahoo_bootstrap
2022-04-06,980,999,979,992,341132,0,1,854.43614527,yahoo_bootstrap
2022-04-07,982,1000,970,988,802055,0,1,850.99083824,yahoo_bootstrap
2022-04-08,998,1005,969,972,896503,0,1,837.20961009,yahoo_bootstrap
2022-04-11,1015,1035,953,960,1141084,0,1,826.87368898,yahoo_bootstrap
2022-04-12,954,979,953,973,408793,0,1,838.07093685,yahoo_bootstrap
2022-04-13,980,983,958,983,320456,0,1,846.68420444,yahoo_bootstrap
2022-04-14,980,1005,980,996,301060,0,1,857.88145231,yahoo_bootstrap
2022-04-15,991,998,961,962,275110,0,1,828.59634249,yahoo_bootstrap
2022-04-18,960,982,960,974,136129,0,1,838.93226361,yahoo_bootstrap
2022-04-19,988,1005,988,996,377050,0,1,857.88145231,yahoo_bootstrap
2022-04-20,1000,1040,997,1030,789114,0,1,887.16656213,yahoo_bootstrap
2022-04-21,1020,1030,998,1015,536089,0,1,874.24666074,yahoo_bootstrap
2022-04-22,999,999,970,980,670033,0,1,844.10022416,yahoo_bootstrap
2022-04-25,960,974,955,967,499016,0,1,832.90297629,yahoo_bootstrap
2022-04-26,980,1010,976,998,561050,0,1,859.60410583,yahoo_bootstrap
2022-04-27,990,990,966,975,618278,0,1,839.79359037,yahoo_bootstrap
2022-04-28,988,1005,974,1005,828095,0,1,865.63339315,yahoo_bootstrap
2022-04-29,1020,1035,1010,1020,498060,0,1,878.55329454,yahoo_bootstrap
2022-05-03,1010,1040,1000,1035,365654,0,1,891.47319593,yahoo_bootstrap
2022-05-04,1040,1045,982,1010,798112,0,1,869.94002694,yahoo_bootstrap
2022-05-05,1030,1045,1015,1030,512002,0,1,887.16656213,yahoo_bootstrap
2022-05-06,1005,1005,987,995,499322,0,1,857.02012555,yahoo_bootstrap
2022-05-09,985,985,962,963,458053,0,1,829.45766925,yahoo_bootstrap
2022-05-10,957,962,935,946,624010,0,1,814.81511434,yahoo_bootstrap
2022-05-11,950,954,922,922,474170,0,1,794.14327212,yahoo_bootstrap
2022-05-12,921,938,905,923,597113,0,1,795.00459888,yahoo_bootstrap
2022-05-13,938,943,912,940,943036,0,1,809.64715379,yahoo_bootstrap
2022-05-16,951,1000,951,969,663139,0,1,834.62562981,yahoo_bootstrap
2022-05-17,968,978,961,969,570060,0,1,834.62562981,yahoo_bootstrap
2022-05-18,969,970,953,956,385055,0,1,823.42838194,yahoo_bootstrap
2022-05-19,940,942,921,938,431316,0,1,807.92450027,yahoo_bootstrap
2022-05-20,940,954,924,935,614146,0,1,805.34051999,yahoo_bootstrap
2022-05-23,939,954,930,930,435063,0,1,801.03388619,yahoo_bootstrap
2022-05-24,931,936,883,883,797483,0,1,760.55152851,yahoo_bootstrap
2022-05-25,885,900,873,878,655039,0,1,756.24489471,yahoo_bootstrap
2022-05-26,854,862,791,791,2065118,0,1,681.30946665,yahoo_bootstrap
2022-05-27,820,835,804,808,1599064,0,1,695.95202155,yahoo_bootstrap
2022-05-30,822,865,822,857,1233045,0,1,738.15703276,yahoo_bootstrap
2022-05-31,866,933,856,923,1891570,0,1,795.00459888,yahoo_bootstrap
2022-06-01,898,908,883,884,1013070,0,1,761.41285526,yahoo_bootstrap
2022-06-02,880,884,861,871,631147,0,1,750.21560739,yahoo_bootstrap
2022-06-06,881,896,861,886,778002,0,1,763.13550878,yahoo_bootstrap
2022-06-07,891,902,881,889,695042,0,1,765.71948906,yahoo_bootstrap
2022-06-08,891,918,885,887,536010,0,1,763.99683554,yahoo_bootstrap
2022-06-09,900,910,899,900,443063,0,1,775.19408341,yahoo_bootstrap
2022-06-10,891,906,890,900,366052,0,1,775.19408341,yahoo_bootstrap
2022-06-13,876,878,850,866,842146,0,1,745.9089736,yahoo_bootstrap
2022-06-14,846,856,828,841,977095,0,1,724.37580461,yahoo_bootstrap
2022-06-15,842,850,825,825,914833,0,1,710.59457646,yahoo_bootstrap
2022-06-16,840,842,804,806,879023,0,1,694.22936804,yahoo_bootstrap
2022-06-17,758,767,749,755,1465280,25,1,671.11801904,yahoo_bootstrap
2022-06-20,769,772,730,730,772441,0,1,648.89556807,yahoo_bootstrap
2022-06-21,742,775,742,761,757197,0,1,676.45140727,yahoo_bootstrap
2022-06-22,762,770,740,746,547030,0,1,663.11793669,yahoo_bootstrap
2022-06-23,751,757,726,734,532052,0,1,652.45116023,yahoo_bootstrap
2022-06-24,750,754,746,752,515119,0,1,668.45132492,yahoo_bootstrap
2022-06-27,768,793,765,765,742053,0,1,680.00699942,yahoo_bootstrap
2022-06-28,769,777,742,751,480250,0,1,667.56242688,yahoo_bootstrap
2022-06-29,727,730,707,720,682005,0,1,640.00658769,yahoo_bootstrap
2022-06-30,706,713,675,697,1217028,0,1,619.5619328,yahoo_bootstrap
2022-07-01,691,694,659,663,1324048,0,1,589.3393995,yahoo_bootstrap
2022-07-04,660,676,642,650,1166017,0,1,577.783725,yahoo_bootstrap
2022-07-05,665,674,630,645,786218,0,1,573.33923481,yahoo_bootstrap
2022-07-06,649,649,613,617,1088486,0,1,548.45008973,yahoo_bootstrap
2022-07-07,621,657,617,651,1015188,0,1,578.67262304,yahoo_bootstrap
2022-07-08,661,678,659,669,995267,0,1,594.67278773,yahoo_bootstrap
2022-07-11,734,734,667,672,1218031,0,1,597.33948184,yahoo_bootstrap
2022-07-12,672,672,650,670,638179,0,1,595.56168577,yahoo_bootstrap
2022-07-13,681,697,674,674,561501,0,1,599.11727792,yahoo_bootstrap
2022-07-14,671,708,665,702,621541,0,1,624.006423,yahoo_bootstrap
2022-07-15,699,725,693,715,703069,0,1,635.5620975,yahoo_bootstrap
2022-07-18,713,737,712,720,620026,0,1,640.00658769,yahoo_bootstrap
2022-07-19,719,721,691,696,461022,0,1,618.67303477,yahoo_bootstrap
2022-07-20,711,736,710,725,637150,0,1,644.45107788,yahoo_bootstrap
2022-07-21,724,751,715,741,665098,0,1,658.6734465,yahoo_bootstrap
2022-07-22,745,748,725,730,362025,0,1,648.89556807,yahoo_bootstrap
2022-07-25,725,734,718,725,317142,0,1,644.45107788,yahoo_bootstrap
2022-07-26,717,719,696,705,468003,0,1,626.67311711,yahoo_bootstrap
2022-07-27,705,713,701,709,626004,0,1,630.22870927,yahoo_bootstrap
2022-07-28,733,745,731,735,761711,0,1,653.34005827,yahoo_bootstrap
2022-07-29,748,750,731,736,371146,0,1,654.2289563,yahoo_bootstrap
2022-08-01,740,740,719,734,309031,0,1,652.45116023,yahoo_bootstrap
2022-08-02,722,748,718,739,682080,0,1,656.89565042,yahoo_bootstrap
2022-08-03,742,772,695,699,2070062,0,1,621.33972888,yahoo_bootstrap
2022-08-04,706,707,662,666,1532112,0,1,592.00609361,yahoo_bootstrap
2022-08-05,683,712,679,707,1041145,0,1,628.45091319,yahoo_bootstrap
2022-08-08,709,718,700,711,301115,0,1,632.00650534,yahoo_bootstrap
2022-08-09,710,732,700,725,425042,0,1,644.45107788,yahoo_bootstrap
2022-08-10,722,727,710,715,452720,0,1,635.5620975,yahoo_bootstrap
2022-08-11,735,740,729,732,524060,0,1,650.67336415,yahoo_bootstrap
2022-08-12,732,733,722,725,338005,0,1,644.45107788,yahoo_bootstrap
2022-08-15,730,765,730,760,762188,0,1,675.56250923,yahoo_bootstrap
2022-08-16,769,773,751,760,769053,0,1,675.56250923,yahoo_bootstrap
2022-08-17,749,768,746,750,424071,0,1,666.67352884,yahoo_bootstrap
2022-08-18,747,757,738,750,449583,0,1,666.67352884,yahoo_bootstrap
2022-08-19,751,768,751,760,384061,0,1,675.56250923,yahoo_bootstrap
2022-08-22,760,765,749,759,264000,0,1,674.67361119,yahoo_bootstrap
2022-08-23,750,767,748,755,377040,0,1,671.11801904,yahoo_bootstrap
2022-08-24,757,790,757,787,974376,0,1,699.56275627,yahoo_bootstrap
2022-08-25,793,802,785,788,853037,0,1,700.4516543,yahoo_bootstrap
2022-08-26,799,813,775,776,664012,0,1,689.78487784,yahoo_bootstrap
2022-08-29,741,769,740,763,428104,0,1,678.22920334,yahoo_bootstrap
2022-08-30,763,767,756,760,370307,0,1,675.56250923,yahoo_bootstrap
2022-08-31,760,771,755,770,411035,0,1,684.45148961,yahoo_bootstrap
2022-09-01,757,760,745,751,560100,0,1,667.56242688,yahoo_bootstrap
2022-09-02,754,762,742,742,503106,0,1,659.56234454,yahoo_bootstrap
2022-09-05,730,737,709,728,791051,0,1,647.117772,yahoo_bootstrap
2022-09-06,726,741,726,736,297401,0,1,654.2289563,yahoo_bootstrap
2022-09-07,736,739,722,734,366022,0,1,652.45116023,yahoo_bootstrap
2022-09-08,742,770,736,765,694050,0,1,680.00699942,yahoo_bootstrap
2022-09-12,799,809,781,795,1201208,0,1,706.67394057,yahoo_bootstrap
2022-09-13,798,817,795,798,716305,0,1,709.34063469,yahoo_bootstrap
2022-09-14,771,797,770,786,322707,0,1,698.67385823,yahoo_bootstrap
2022-09-15,786,798,780,780,641009,0,1,693.34047,yahoo_bootstrap
2022-09-16,772,793,772,780,296144,0,1,693.34047,yahoo_bootstrap
2022-09-19,785,789,770,780,274172,0,1,693.34047,yahoo_bootstrap
2022-09-20,795,798,781,793,403101,0,1,704.8961445,yahoo_bootstrap
2022-09-21,793,793,766,780,473034,0,1,693.34047,yahoo_bootstrap
2022-09-22,775,783,765,780,285039,0,1,693.34047,yahoo_bootstrap
2022-09-23,781,784,764,765,397073,0,1,680.00699942,yahoo_bootstrap
2022-09-26,770,774,751,767,614023,0,1,681.7847955,yahoo_bootstrap
2022-09-27,772,792,769,786,812100,0,1,698.67385823,yahoo_bootstrap
2022-09-28,790,802,765,767,1184047,0,1,681.7847955,yahoo_bootstrap
2022-09-29,780,810,778,783,1470538,0,1,696.00716411,yahoo_bootstrap
2022-09-30,783,808,775,808,1116139,0,1,718.22961507,yahoo_bootstrap
2022-10-03,802,817,800,805,787046,0,1,715.56292096,yahoo_bootstrap
2022-10-04,820,837,796,804,1399016,0,1,714.67402292,yahoo_bootstrap
2022-10-05,810,830,809,824,1259230,0,1,732.45198369,yahoo_bootstrap
2022-10-06,830,840,816,823,912100,0,1,731.56308565,yahoo_bootstrap
2022-10-07,822,826,808,811,400448,0,1,720.89630919,yahoo_bootstrap
2022-10-11,811,816,786,792,866032,0,1,704.00724646,yahoo_bootstrap
2022-10-12,795,807,788,790,630064,0,1,702.22945038,yahoo_bootstrap
2022-10-13,798,804,760,779,646071,0,1,692.45157196,yahoo_bootstrap
2022-10-14,806,809,747,747,1281168,0,1,664.00683473,yahoo_bootstrap
2022-10-17,730,730,673,685,1882097,0,1,608.89515634,yahoo_bootstrap
2022-10-18,699,706,653,678,1422528,0,1,602.67287007,yahoo_bootstrap
2022-10-19,678,688,663,672,870521,0,1,597.33948184,yahoo_bootstrap
2022-10-20,665,665,641,649,1698027,0,1,576.89482696,yahoo_bootstrap
2022-10-21,653,653,617,617,1334163,0,1,548.45008973,yahoo_bootstrap
2022-10-24,649,649,632,640,687251,0,1,568.89474461,yahoo_bootstrap
2022-10-25,649,650,635,638,549065,0,1,567.11694854,yahoo_bootstrap
2022-10-26,643,643,610,627,1007050,0,1,557.33907011,yahoo_bootstrap
2022-10-27,676,689,676,689,791055,0,1,612.4507485,yahoo_bootstrap
2022-10-28,711,738,702,734,3343303,0,1,652.45116023,yahoo_bootstrap
2022-10-31,740,741,716,724,1165226,0,1,643.56217984,yahoo_bootstrap
2022-11-01,738,755,725,735,1548050,0,1,653.34005827,yahoo_bootstrap
2022-11-02,784,804,745,785,3314238,0,1,697.78496019,yahoo_bootstrap
2022-11-03,778,863,777,828,4123419,0,1,736.00757584,yahoo_bootstrap
2022-11-04,831,858,823,856,2238028,0,1,760.89672092,yahoo_bootstrap
2022-11-07,860,876,833,841,2039143,0,1,747.56325034,yahoo_bootstrap
2022-11-08,852,854,835,840,1278100,0,1,746.6743523,yahoo_bootstrap
2022-11-09,851,878,846,875,1841153,0,1,777.78578365,yahoo_bootstrap
2022-11-10,834,855,823,824,2471702,0,1,732.45198369,yahoo_bootstrap
2022-11-11,853,859,819,822,2512066,0,1,730.67418761,yahoo_bootstrap
2022-11-14,835,858,835,850,2253033,0,1,755.56333269,yahoo_bootstrap
2022-11-15,850,855,829,841,1695251,0,1,747.56325034,yahoo_bootstrap
2022-11-16,849,863,840,858,1357500,0,1,762.674517,yahoo_bootstrap
2022-11-17,863,874,855,868,1022139,0,1,771.56349738,yahoo_bootstrap
2022-11-18,873,875,846,852,956033,0,1,757.34112877,yahoo_bootstrap
2022-11-21,853,862,844,858,773056,0,1,762.674517,yahoo_bootstrap
2022-11-22,851,880,845,869,1959087,0,1,772.45239542,yahoo_bootstrap
2022-11-23,880,886,855,858,1013032,0,1,762.674517,yahoo_bootstrap
2022-11-24,869,869,855,865,497121,0,1,768.89680327,yahoo_bootstrap
2022-11-25,868,871,845,855,773060,0,1,760.00782288,yahoo_bootstrap
2022-11-28,848,862,847,860,541035,0,1,764.45231307,yahoo_bootstrap
2022-11-29,865,876,859,868,744480,0,1,771.56349738,yahoo_bootstrap
2022-11-30,875,880,863,880,667075,0,1,782.23027384,yahoo_bootstrap
2022-12-01,889,896,884,887,1155052,0,1,788.45256011,yahoo_bootstrap
2022-12-02,880,920,879,918,1278491,0,1,816.0083993,yahoo_bootstrap
2022-12-05,921,921,896,905,1190437,0,1,804.4527248,yahoo_bootstrap
2022-12-06,905,914,888,891,818117,0,1,792.00815227,yahoo_bootstrap
2022-12-07,899,906,883,899,774064,0,1,799.11933657,yahoo_bootstrap
2022-12-08,903,917,895,902,650406,0,1,801.78603069,yahoo_bootstrap
2022-12-09,926,947,897,906,1350978,0,1,805.34162284,yahoo_bootstrap
2022-12-12,906,919,885,911,863107,0,1,809.78611303,yahoo_bootstrap
2022-12-13,915,926,909,909,800027,0,1,808.00831696,yahoo_bootstrap
2022-12-14,921,942,910,939,805702,0,1,834.67525811,yahoo_bootstrap
2022-12-15,940,948,915,936,1377066,0,1,832.008564,yahoo_bootstrap
2022-12-16,920,925,913,919,623490,0,1,816.89729734,yahoo_bootstrap
2022-12-19,910,912,850,853,1381239,0,1,758.2300268,yahoo_bootstrap
2022-12-20,860,884,839,843,1107022,0,1,749.34104642,yahoo_bootstrap
2022-12-21,849,862,840,857,584074,0,1,761.78561896,yahoo_bootstrap
2022-12-22,869,871,821,830,1261063,0,1,737.78537192,yahoo_bootstrap
2022-12-23,822,832,811,819,678104,0,1,728.0074935,yahoo_bootstrap
2022-12-26,820,821,800,812,358002,0,1,721.78520723,yahoo_bootstrap
2022-12-27,817,825,812,815,234056,0,1,724.45190134,yahoo_bootstrap
2022-12-28,805,808,796,802,643042,0,1,712.89622684,yahoo_bootstrap
2022-12-29,798,805,787,801,549005,0,1,712.0073288,yahoo_bootstrap
2022-12-30,806,818,791,797,387011,0,1,708.45173665,yahoo_bootstrap
2023-01-03,805,812,796,810,348045,0,1,720.00741115,yahoo_bootstrap
2023-01-04,810,820,800,801,458030,0,1,712.0073288,yahoo_bootstrap
2023-01-05,800,801,721,723,3099295,0,1,642.6732818,yahoo_bootstrap
2023-01-06,720,756,718,742,1365160,0,1,659.56234454,yahoo_bootstrap
2023-01-09,763,783,759,767,1340128,0,1,681.7847955,yahoo_bootstrap
2023-01-10,783,811,770,776,2061070,0,1,689.78487784,yahoo_bootstrap
2023-01-11,780,782,745,752,1429022,0,1,668.45132492,yahoo_bootstrap
2023-01-12,753,775,750,770,1226037,0,1,684.45148961,yahoo_bootstrap
2023-01-13,783,792,772,774,895040,0,1,688.00708177,yahoo_bootstrap
2023-01-16,783,798,778,787,721050,0,1,699.56275627,yahoo_bootstrap
2023-01-17,787,790,781,785,485595,0,1,697.78496019,yahoo_bootstrap
2023-01-30,804,811,768,772,2042200,0,1,686.22928569,yahoo_bootstrap
2023-01-31,777,784,750,750,2328410,0,1,666.67352884,yahoo_bootstrap
2023-02-01,757,771,753,767,1355013,0,1,681.7847955,yahoo_bootstrap
2023-02-02,775,823,775,823,2995651,0,1,731.56308565,yahoo_bootstrap
2023-02-03,828,848,815,841,1719647,0,1,747.56325034,yahoo_bootstrap
2023-02-06,832,866,830,855,1283161,0,1,760.00782288,yahoo_bootstrap
2023-02-07,854,862,843,843,1104595,0,1,749.34104642,yahoo_bootstrap
2023-02-08,853,855,835,850,1199244,0,1,755.56333269,yahoo_bootstrap
2023-02-09,840,861,839,858,970273,0,1,762.674517,yahoo_bootstrap
2023-02-10,858,865,840,841,764126,0,1,747.56325034,yahoo_bootstrap
2023-02-13,838,840,809,814,1103181,0,1,723.5630033,yahoo_bootstrap
2023-02-14,822,828,816,827,719030,0,1,735.1186778,yahoo_bootstrap
2023-02-15,830,839,819,822,634203,0,1,730.67418761,yahoo_bootstrap
2023-02-16,830,853,826,838,866327,0,1,744.89655623,yahoo_bootstrap
2023-02-17,833,844,832,836,407285,0,1,743.11876015,yahoo_bootstrap
2023-02-20,837,842,831,831,296154,0,1,738.67426996,yahoo_bootstrap
2023-02-21,849,864,841,859,1087224,0,1,763.56341504,yahoo_bootstrap
2023-02-22,848,852,824,826,995112,0,1,734.22977977,yahoo_bootstrap
2023-02-23,856,908,856,908,3137407,0,1,807.11941892,yahoo_bootstrap
2023-02-24,960,998,950,969,5532147,0,1,861.34219927,yahoo_bootstrap
2023-03-01,969,975,928,940,2809254,0,1,835.56415615,yahoo_bootstrap
2023-03-02,950,959,929,935,1895077,0,1,831.11966596,yahoo_bootstrap
2023-03-03,941,948,912,917,1195130,0,1,815.11950127,yahoo_bootstrap
2023-03-06,925,951,921,942,1431151,0,1,837.34195223,yahoo_bootstrap
2023-03-07,949,949,928,935,1252232,0,1,831.11966596,yahoo_bootstrap
2023-03-08,934,947,932,947,1030393,0,1,841.78644242,yahoo_bootstrap
2023-03-09,978,986,950,950,1938216,0,1,844.45313653,yahoo_bootstrap
2023-03-10,942,943,923,935,911497,0,1,831.11966596,yahoo_bootstrap
2023-03-13,925,931,898,915,1476132,0,1,813.34170519,yahoo_bootstrap
2023-03-14,902,925,902,914,796097,0,1,812.45280715,yahoo_bootstrap
2023-03-15,928,931,910,912,1106100,0,1,810.67501107,yahoo_bootstrap
2023-03-16,925,946,912,916,1527035,0,1,814.23060323,yahoo_bootstrap
2023-03-17,929,965,923,948,2484543,0,1,842.67534046,yahoo_bootstrap
2023-03-20,961,976,951,963,2146262,0,1,856.00881103,yahoo_bootstrap
2023-03-21,987,1030,977,990,3526199,0,1,880.00905807,yahoo_bootstrap
2023-03-22,1010,1085,1005,1085,4058367,0,1,964.45437173,yahoo_bootstrap
2023-03-23,1080,1090,1045,1075,3078464,0,1,955.56539134,yahoo_bootstrap
2023-03-24,1105,1155,1095,1105,3089685,0,1,982.2323325,yahoo_bootstrap
2023-03-27,1105,1145,1095,1100,1777721,0,1,977.7878423,yahoo_bootstrap
2023-03-28,1115,1120,1075,1090,1303264,0,1,968.89886192,yahoo_bootstrap
2023-03-29,1110,1120,1065,1085,1433219,0,1,964.45437173,yahoo_bootstrap
2023-03-30,1120,1165,1110,1130,2923573,0,1,1004.45478346,yahoo_bootstrap
2023-03-31,1150,1155,1095,1125,2072323,0,1,1000.01029326,yahoo_bootstrap
2023-04-06,1120,1130,1075,1125,1981440,0,1,1000.01029326,yahoo_bootstrap
2023-04-07,1135,1150,1115,1130,1448809,0,1,1004.45478346,yahoo_bootstrap
2023-04-10,1180,1240,1170,1240,3989356,0,1,1102.23356769,yahoo_bootstrap
2023-04-11,1250,1255,1220,1235,2391333,0,1,1097.7890775,yahoo_bootstrap
2023-04-12,1230,1240,1210,1235,1536804,0,1,1097.7890775,yahoo_bootstrap
2023-04-13,1225,1230,1160,1175,3365147,0,1,1044.45519519,yahoo_bootstrap
2023-04-14,1190,1200,1165,1180,1673120,0,1,1048.89968538,yahoo_bootstrap
2023-04-17,1185,1205,1165,1175,1103035,0,1,1044.45519519,yahoo_bootstrap
2023-04-18,1155,1180,1150,1160,1767634,0,1,1031.12172461,yahoo_bootstrap
2023-04-19,1170,1205,1145,1155,2523302,0,1,1026.67723442,yahoo_bootstrap
2023-04-20,1145,1165,1125,1130,1068236,0,1,1004.45478346,yahoo_bootstrap
2023-04-21,1150,1150,1085,1095,2622389,0,1,973.34335211,yahoo_bootstrap
2023-04-24,1105,1140,1095,1135,2009452,0,1,1008.89927365,yahoo_bootstrap
2023-04-25,1115,1125,1070,1085,2568820,0,1,964.45437173,yahoo_bootstrap
2023-04-26,1105,1145,1095,1135,2931278,0,1,1008.89927365,yahoo_bootstrap
2023-04-27,1170,1180,1130,1165,3145459,0,1,1035.5662148,yahoo_bootstrap
2023-04-28,1180,1195,1125,1165,2413708,0,1,1035.5662148,yahoo_bootstrap
2023-05-02,1165,1215,1160,1210,1915837,0,1,1075.56662653,yahoo_bootstrap
2023-05-03,1210,1220,1165,1180,1333173,0,1,1048.89968538,yahoo_bootstrap
2023-05-04,1180,1195,1165,1175,942261,0,1,1044.45519519,yahoo_bootstrap
2023-05-05,1180,1195,1130,1130,1682230,0,1,1004.45478346,yahoo_bootstrap
2023-05-08,1150,1165,1115,1125,1439081,0,1,1000.01029326,yahoo_bootstrap
2023-05-09,1105,1135,1075,1115,2322106,0,1,991.12131288,yahoo_bootstrap
2023-05-10,1060,1065,1005,1005,3802587,0,1,893.34252865,yahoo_bootstrap
2023-05-11,1010,1045,1005,1020,2258234,0,1,906.67599923,yahoo_bootstrap
2023-05-12,1010,1045,992,1035,1998588,0,1,920.0094698,yahoo_bootstrap
2023-05-15,1035,1040,1005,1015,1293352,0,1,902.23150903,yahoo_bootstrap
2023-05-16,1030,1070,1030,1045,1316245,0,1,928.89845019,yahoo_bootstrap
2023-05-17,1060,1085,1055,1065,1563342,0,1,946.67641096,yahoo_bootstrap
2023-05-18,1090,1100,1060,1065,1668065,0,1,946.67641096,yahoo_bootstrap
2023-05-19,1080,1085,1045,1080,1597402,0,1,960.00988153,yahoo_bootstrap
2023-05-22,1075,1085,1045,1060,1227275,0,1,942.23192077,yahoo_bootstrap
2023-05-23,1070,1140,1070,1125,2800280,0,1,1000.01029326,yahoo_bootstrap
2023-05-24,1120,1120,1085,1100,1464605,0,1,977.7878423,yahoo_bootstrap
2023-05-25,1145,1190,1125,1145,3165414,0,1,1017.78825403,yahoo_bootstrap
2023-05-26,1200,1230,1155,1170,3830467,0,1,1040.010705,yahoo_bootstrap
2023-05-29,1210,1245,1180,1205,3012215,0,1,1071.12213634,yahoo_bootstrap
2023-05-30,1225,1225,1185,1195,2016948,0,1,1062.23315596,yahoo_bootstrap
2023-05-31,1190,1200,1145,1160,1809310,0,1,1031.12172461,yahoo_bootstrap
2023-06-01,1150,1180,1140,1165,1622331,0,1,1035.5662148,yahoo_bootstrap
2023-06-02,1185,1240,1180,1205,2695380,0,1,1071.12213634,yahoo_bootstrap
2023-06-05,1225,1225,1180,1200,1539138,0,1,1066.67764615,yahoo_bootstrap
2023-06-06,1190,1220,1180,1205,1282139,0,1,1071.12213634,yahoo_bootstrap
2023-06-07,1210,1235,1195,1200,1512305,0,1,1066.67764615,yahoo_bootstrap
2023-06-08,1200,1215,1125,1140,1999662,0,1,1013.34376384,yahoo_bootstrap
2023-06-09,1090,1165,1080,1160,2379165,0,1,1031.12172461,yahoo_bootstrap
2023-06-12,1160,1175,1140,1140,1472043,0,1,1013.34376384,yahoo_bootstrap
2023-06-13,1145,1185,1145,1170,1791829,0,1,1040.010705,yahoo_bootstrap
2023-06-14,1140,1230,1135,1175,2656867,50,1,1091.08265926,yahoo_bootstrap
2023-06-15,1195,1215,1175,1200,1728412,0,1,1114.29718392,yahoo_bootstrap
2023-06-16,1215,1215,1180,1190,2717292,0,1,1105.01137406,yahoo_bootstrap
2023-06-19,1205,1230,1200,1215,2344576,0,1,1128.22589872,yahoo_bootstrap
2023-06-20,1215,1225,1160,1200,2715379,0,1,1114.29718392,yahoo_bootstrap
2023-06-21,1200,1220,1180,1215,2867227,0,1,1128.22589872,yahoo_bootstrap
2023-06-26,1170,1240,1170,1225,2829326,0,1,1137.51170859,yahoo_bootstrap
2023-06-27,1215,1225,1145,1145,2000152,0,1,1063.22522966,yahoo_bootstrap
2023-06-28,1165,1195,1160,1180,1799204,0,1,1095.72556419,yahoo_bootstrap
2023-06-29,1210,1295,1205,1295,2020978,0,1,1202.51237765,yahoo_bootstrap
2023-06-30,1400,1420,1365,1420,2469680,0,1,1318.58500098,yahoo_bootstrap
2023-07-03,1465,1560,1440,1495,6690906,0,1,1388.22857497,yahoo_bootstrap
2023-07-04,1505,1610,1485,1515,4384520,0,1,1406.8001947,yahoo_bootstrap
2023-07-05,1520,1565,1440,1495,3158193,0,1,1388.22857497,yahoo_bootstrap
2023-07-06,1460,1485,1420,1440,4567552,0,1,1337.15662071,yahoo_bootstrap
2023-07-07,1440,1530,1430,1505,5931680,0,1,1397.51438484,yahoo_bootstrap
2023-07-10,1485,1555,1465,1545,3517658,0,1,1434.6576243,yahoo_bootstrap
2023-07-11,1600,1690,1590,1650,4759278,0,1,1532.1586279,yahoo_bootstrap
2023-07-12,1660,1745,1640,1735,4155777,0,1,1611.08801176,yahoo_bootstrap
2023-07-13,1840,1905,1810,1870,4721581,0,1,1736.44644495,yahoo_bootstrap
2023-07-14,1900,2000,1830,1945,5742246,0,1,1806.09001894,yahoo_bootstrap
2023-07-17,1905,1930,1830,1870,3558345,0,1,1736.44644495,yahoo_bootstrap
2023-07-18,1900,1915,1790,1845,4574577,0,1,1713.23192028,yahoo_bootstrap
2023-07-19,1850,1895,1795,1800,5075598,0,1,1671.44577589,yahoo_bootstrap
2023-07-20,1830,1920,1820,1900,5194057,0,1,1764.30387455,yahoo_bootstrap
2023-07-21,1850,2090,1830,2075,6517823,0,1,1926.8055472,yahoo_bootstrap
2023-07-24,2100,2135,2020,2115,4660040,0,1,1963.94878667,yahoo_bootstrap
2023-07-25,2125,2145,2040,2045,4225083,0,1,1898.9481176,yahoo_bootstrap
2023-07-26,2050,2110,2000,2030,3571652,0,1,1885.0194028,yahoo_bootstrap
2023-07-27,2030,2125,1920,1955,5836569,0,1,1815.37582881,yahoo_bootstrap
2023-07-28,1945,1960,1865,1895,5118027,0,1,1759.66096961,yahoo_bootstrap
2023-07-31,1835,1880,1745,1780,5878990,0,1,1652.87415615,yahoo_bootstrap
2023-08-01,1800,1805,1685,1725,4000327,0,1,1601.80220189,yahoo_bootstrap
2023-08-02,1725,1760,1555,1555,5250215,0,1,1443.94343417,yahoo_bootstrap
2023-08-04,1475,1610,1475,1555,6118234,0,1,1443.94343417,yahoo_bootstrap
2023-08-07,1605,1705,1585,1665,4114949,0,1,1546.08734269,yahoo_bootstrap
2023-08-08,1725,1825,1675,1755,7209118,0,1,1629.65963149,yahoo_bootstrap
2023-08-09,1675,1765,1660,1690,5753803,0,1,1569.30186736,yahoo_bootstrap
2023-08-10,1640,1655,1525,1565,5071869,0,1,1453.22924403,yahoo_bootstrap
2023-08-11,1610,1645,1570,1575,2768852,0,1,1462.5150539,yahoo_bootstrap
2023-08-14,1525,1620,1515,1570,2760819,0,1,1457.87214897,yahoo_bootstrap
2023-08-15,1670,1710,1610,1635,4155577,0,1,1518.2299131,yahoo_bootstrap
2023-08-16,1635,1730,1620,1710,4454142,0,1,1587.87348709,yahoo_bootstrap
2023-08-17,1685,1730,1660,1700,4194823,0,1,1578.58767723,yahoo_bootstrap
2023-08-18,1710,1725,1600,1645,3781840,0,1,1527.51572296,yahoo_bootstrap
2023-08-21,1680,1710,1650,1660,2292485,0,1,1541.44443776,yahoo_bootstrap
2023-08-22,1730,1740,1690,1715,3568566,0,1,1592.51639202,yahoo_bootstrap
2023-08-23,1725,1770,1685,1770,3445817,0,1,1643.58834629,yahoo_bootstrap
2023-08-24,1870,1875,1735,1750,6391490,0,1,1625.01672656,yahoo_bootstrap
2023-08-25,1695,1715,1590,1610,4843776,0,1,1495.01538843,yahoo_bootstrap
2023-08-28,1630,1635,1565,1600,2197782,0,1,1485.72957856,yahoo_bootstrap
2023-08-29,1630,1650,1605,1640,1965871,0,1,1522.87281803,yahoo_bootstrap
2023-08-30,1685,1720,1675,1700,2514345,0,1,1578.58767723,yahoo_bootstrap
2023-08-31,1540,1605,1530,1560,6964883,0,1,1448.5863391,yahoo_bootstrap
2023-09-01,1605,1605,1510,1510,3641106,0,1,1402.15728977,yahoo_bootstrap
2023-09-04,1530,1565,1495,1555,2486548,0,1,1443.94343417,yahoo_bootstrap
2023-09-05,1525,1575,1525,1560,1672639,0,1,1448.5863391,yahoo_bootstrap
2023-09-06,1570,1605,1560,1580,1735481,0,1,1467.15795883,yahoo_bootstrap
2023-09-07,1560,1570,1545,1550,1221409,0,1,1439.30052923,yahoo_bootstrap
2023-09-08,1540,1580,1525,1555,1384273,0,1,1443.94343417,yahoo_bootstrap
2023-09-11,1570,1575,1460,1490,2618867,0,1,1383.58567004,yahoo_bootstrap
2023-09-12,1490,1510,1440,1450,2354535,0,1,1346.44243057,yahoo_bootstrap
2023-09-13,1460,1505,1455,1465,2201350,0,1,1360.37114537,yahoo_bootstrap
2023-09-14,1500,1515,1465,1480,2612182,0,1,1374.29986017,yahoo_bootstrap
2023-09-15,1500,1530,1490,1520,3106796,0,1,1411.44309964,yahoo_bootstrap
2023-09-18,1500,1500,1405,1410,2867243,0,1,1309.29919111,yahoo_bootstrap
2023-09-19,1430,1440,1360,1375,2905515,0,1,1276.79885658,yahoo_bootstrap
2023-09-20,1355,1415,1355,1365,2497240,0,1,1267.51304671,yahoo_bootstrap
2023-09-21,1345,1390,1325,1380,2616902,0,1,1281.44176151,yahoo_bootstrap
2023-09-22,1360,1440,1355,1440,2201554,0,1,1337.15662071,yahoo_bootstrap
2023-09-25,1445,1460,1420,1450,1575403,0,1,1346.44243057,yahoo_bootstrap
2023-09-26,1440,1490,1430,1435,1910142,0,1,1332.51371578,yahoo_bootstrap
2023-09-27,1445,1490,1430,1470,2235407,0,1,1365.01405031,yahoo_bootstrap
2023-09-28,1490,1535,1485,1495,3062305,0,1,1388.22857497,yahoo_bootstrap
2023-10-02,1555,1640,1550,1640,3392977,0,1,1522.87281803,yahoo_bootstrap
2023-10-03,1645,1660,1580,1595,3923991,0,1,1481.08667363,yahoo_bootstrap
2023-10-04,1560,1610,1550,1590,2203795,0,1,1476.4437687,yahoo_bootstrap
2023-10-05,1625,1655,1610,1620,2953197,0,1,1504.3011983,yahoo_bootstrap
2023-10-06,1640,1665,1610,1660,2485980,0,1,1541.44443776,yahoo_bootstrap
2023-10-11,1650,1675,1590,1625,4364774,0,1,1508.94410323,yahoo_bootstrap
2023-10-12,1635,1695,1630,1670,2866353,0,1,1550.73024763,yahoo_bootstrap
2023-10-13,1675,1705,1620,1645,2417365,0,1,1527.51572296,yahoo_bootstrap
2023-10-16,1630,1645,1590,1590,1419631,0,1,1476.4437687,yahoo_bootstrap
2023-10-17,1615,1620,1490,1495,3558134,0,1,1388.22857497,yahoo_bootstrap
2023-10-18,1460,1500,1440,1445,2648138,0,1,1341.79952564,yahoo_bootstrap
2023-10-19,1455,1500,1425,1465,2528617,0,1,1360.37114537,yahoo_bootstrap
2023-10-20,1455,1530,1425,1515,2658348,0,1,1406.8001947,yahoo_bootstrap
2023-10-23,1500,1570,1500,1515,2547490,0,1,1406.8001947,yahoo_bootstrap
2023-10-24,1560,1665,1550,1665,5486205,0,1,1546.08734269,yahoo_bootstrap
2023-10-25,1650,1690,1640,1655,3774911,0,1,1536.80153283,yahoo_bootstrap
2023-10-26,1580,1615,1570,1585,3019084,0,1,1471.80086377,yahoo_bootstrap
2023-10-27,1615,1660,1600,1645,2671016,0,1,1527.51572296,yahoo_bootstrap
2023-10-30,1655,1670,1600,1620,2055314,0,1,1504.3011983,yahoo_bootstrap
2023-10-31,1645,1650,1520,1520,2152237,0,1,1411.44309964,yahoo_bootstrap
2023-11-01,1535,1545,1485,1515,1607508,0,1,1406.8001947,yahoo_bootstrap
2023-11-02,1585,1625,1560,1580,2283936,0,1,1467.15795883,yahoo_bootstrap
2023-11-03,1590,1690,1580,1690,3772792,0,1,1569.30186736,yahoo_bootstrap
2023-11-06,1720,1775,1690,1760,4115416,0,1,1634.30253642,yahoo_bootstrap
2023-11-07,1735,1820,1730,1770,3293258,0,1,1643.58834629,yahoo_bootstrap
2023-11-08,1815,1865,1785,1805,5188111,0,1,1676.08868082,yahoo_bootstrap
2023-11-09,1800,1825,1775,1785,2554511,0,1,1657.51706109,yahoo_bootstrap
2023-11-10,1775,1825,1755,1810,2384582,0,1,1680.73158575,yahoo_bootstrap
2023-11-13,1845,1940,1810,1940,4045749,0,1,1801.44711401,yahoo_bootstrap
2023-11-14,1940,1970,1885,1890,3440657,0,1,1755.01806468,yahoo_bootstrap
2023-11-15,1940,1965,1850,1870,3538392,0,1,1736.44644495,yahoo_bootstrap
2023-11-16,1880,1890,1795,1835,3231159,0,1,1703.94611042,yahoo_bootstrap
2023-11-17,1840,1875,1830,1830,2272402,0,1,1699.30320548,yahoo_bootstrap
2023-11-20,1840,1850,1780,1845,2073585,0,1,1713.23192028,yahoo_bootstrap
2023-11-21,1875,1930,1860,1870,3352238,0,1,1736.44644495,yahoo_bootstrap
2023-11-22,1840,1840,1790,1825,2505925,0,1,1694.66030055,yahoo_bootstrap
2023-11-23,1825,1835,1785,1785,1896535,0,1,1657.51706109,yahoo_bootstrap
2023-11-24,1800,1805,1745,1750,1413362,0,1,1625.01672656,yahoo_bootstrap
2023-11-27,1750,1765,1685,1690,2205262,0,1,1569.30186736,yahoo_bootstrap
2023-11-28,1700,1735,1680,1730,2022628,0,1,1606.44510682,yahoo_bootstrap
2023-11-29,1740,1790,1730,1780,2965993,0,1,1652.87415615,yahoo_bootstrap
2023-11-30,1785,1790,1745,1760,2050196,0,1,1634.30253642,yahoo_bootstrap
2023-12-01,1760,1815,1725,1805,1852115,0,1,1676.08868082,yahoo_bootstrap
2023-12-04,1770,1770,1680,1710,4071565,0,1,1587.87348709,yahoo_bootstrap
2023-12-05,1685,1690,1635,1680,2543558,0,1,1560.01605749,yahoo_bootstrap
2023-12-06,1715,1750,1715,1725,1629446,0,1,1601.80220189,yahoo_bootstrap
2023-12-07,1720,1760,1695,1730,1587217,0,1,1606.44510682,yahoo_bootstrap
2023-12-08,1765,1770,1720,1750,1963474,0,1,1625.01672656,yahoo_bootstrap
2023-12-11,1770,1780,1735,1750,1454475,0,1,1625.01672656,yahoo_bootstrap
2023-12-12,1775,1800,1735,1755,2171188,0,1,1629.65963149,yahoo_bootstrap
2023-12-13,1745,1775,1700,1735,2281592,0,1,1611.08801176,yahoo_bootstrap
2023-12-14,1770,1770,1720,1725,1489473,0,1,1601.80220189,yahoo_bootstrap
2023-12-15,1740,1780,1725,1740,3298407,0,1,1615.73091669,yahoo_bootstrap
2023-12-18,1745,1800,1715,1735,3449207,0,1,1611.08801176,yahoo_bootstrap
2023-12-19,1760,1760,1690,1690,2453944,0,1,1569.30186736,yahoo_bootstrap
2023-12-20,1710,1750,1690,1735,2500286,0,1,1611.08801176,yahoo_bootstrap
2023-12-21,1715,1855,1695,1825,5055043,0,1,1694.66030055,yahoo_bootstrap
2023-12-22,1845,1855,1810,1840,2123736,0,1,1708.58901535,yahoo_bootstrap
2023-12-25,1845,1885,1825,1825,1525720,0,1,1694.66030055,yahoo_bootstrap
2023-12-26,1840,1845,1815,1835,1015852,0,1,1703.94611042,yahoo_bootstrap
2023-12-27,1835,1845,1780,1825,1556239,0,1,1694.66030055,yahoo_bootstrap
2023-12-28,1820,1850,1815,1820,1035273,0,1,1690.01739562,yahoo_bootstrap
2023-12-29,1830,1870,1815,1825,1613130,0,1,1694.66030055,yahoo_bootstrap
2024-01-02,1830,1845,1760,1760,1575974,0,1,1634.30253642,yahoo_bootstrap
2024-01-03,1740,1750,1680,1695,2699812,0,1,1573.94477229,yahoo_bootstrap
2024-01-04,1700,1705,1665,1665,1240298,0,1,1546.08734269,yahoo_bootstrap
2024-01-05,1690,1720,1670,1710,924244,0,1,1587.87348709,yahoo_bootstrap
2024-01-08,1715,1730,1690,1690,1097881,0,1,1569.30186736,yahoo_bootstrap
2024-01-09,1730,1770,1700,1715,2824370,0,1,1592.51639202,yahoo_bootstrap
2024-01-10,1735,1810,1730,1770,3072785,0,1,1643.58834629,yahoo_bootstrap
2024-01-11,1785,1910,1780,1910,4232145,0,1,1773.58968441,yahoo_bootstrap
2024-01-12,1890,1935,1870,1905,2753278,0,1,1768.94677948,yahoo_bootstrap
2024-01-15,1935,1940,1850,1865,2112193,0,1,1731.80354001,yahoo_bootstrap
2024-01-16,1865,1930,1865,1910,2789158,0,1,1773.58968441,yahoo_bootstrap
2024-01-17,1950,1980,1875,1885,3606376,0,1,1750.37515975,yahoo_bootstrap
2024-01-18,1900,1925,1835,1880,2447779,0,1,1745.73225481,yahoo_bootstrap
2024-01-19,1950,2040,1885,1990,6767954,0,1,1847.87616334,yahoo_bootstrap
2024-01-22,2125,2185,2100,2185,4012939,0,1,2028.94945573,yahoo_bootstrap
2024-01-23,2175,2225,2150,2220,4448748,0,1,2061.44979026,yahoo_bootstrap
2024-01-24,2240,2250,2125,2125,3259063,0,1,1973.23459653,yahoo_bootstrap
2024-01-25,2170,2170,2075,2095,2761476,0,1,1945.37716693,yahoo_bootstrap
2024-01-26,2095,2140,2075,2080,1847938,0,1,1931.44845213,yahoo_bootstrap
2024-01-29,2100,2225,2095,2190,3476487,0,1,2033.59236066,yahoo_bootstrap
2024-01-30,2240,2250,2170,2235,2740483,0,1,2075.37850506,yahoo_bootstrap
2024-01-31,2205,2235,2185,2200,2019181,0,1,2042.87817053,yahoo_bootstrap
2024-02-01,2180,2200,2105,2170,2628586,0,1,2015.02074093,yahoo_bootstrap
2024-02-02,2280,2345,2255,2310,3267655,0,1,2145.02207905,yahoo_bootstrap
2024-02-05,2320,2340,2250,2265,2161445,0,1,2103.23593466,yahoo_bootstrap
2024-02-15,2490,2490,2270,2345,5465509,0,1,2177.52241358,yahoo_bootstrap
2024-02-16,2330,2360,2245,2285,2794741,0,1,2121.80755439,yahoo_bootstrap
2024-02-19,2270,2310,2225,2250,1802514,0,1,2089.30721986,yahoo_bootstrap
2024-02-20,2230,2250,2160,2205,2516518,0,1,2047.52107546,yahoo_bootstrap
2024-02-21,2180,2225,2155,2155,1373525,0,1,2001.09202613,yahoo_bootstrap
2024-02-22,2240,2250,2115,2115,2573371,0,1,1963.94878667,yahoo_bootstrap
2024-02-23,2175,2235,2135,2170,3324662,0,1,2015.02074093,yahoo_bootstrap
2024-02-26,2170,2245,2140,2220,1860659,0,1,2061.44979026,yahoo_bootstrap
2024-02-27,2230,2235,2030,2120,4694577,0,1,1968.5916916,yahoo_bootstrap
2024-02-29,2225,2330,2190,2330,4954515,0,1,2163.59369879,yahoo_bootstrap
2024-03-01,2480,2510,2445,2500,4422181,0,1,2321.45246651,yahoo_bootstrap
2024-03-04,2540,2555,2420,2445,2608863,0,1,2270.38051224,yahoo_bootstrap
2024-03-05,2460,2575,2435,2560,3059762,0,1,2377.1673257,yahoo_bootstrap
2024-03-06,2520,2590,2495,2560,2307414,0,1,2377.1673257,yahoo_bootstrap
2024-03-07,2575,2585,2440,2510,2465941,0,1,2330.73827637,yahoo_bootstrap
2024-03-08,2535,2575,2430,2445,2805322,0,1,2270.38051224,yahoo_bootstrap
2024-03-11,2490,2530,2390,2430,2797989,0,1,2256.45179745,yahoo_bootstrap
2024-03-12,2465,2510,2405,2435,1931633,0,1,2261.09470238,yahoo_bootstrap
2024-03-13,2475,2490,2280,2330,3381800,0,1,2163.59369879,yahoo_bootstrap
2024-03-14,2325,2340,2230,2260,3056208,0,1,2098.59302972,yahoo_bootstrap
2024-03-15,2240,2295,2190,2200,3237482,0,1,2042.87817053,yahoo_bootstrap
2024-03-18,2215,2260,2180,2195,2117617,0,1,2038.23526559,yahoo_bootstrap
2024-03-19,2230,2280,2155,2175,3620243,0,1,2019.66364586,yahoo_bootstrap
2024-03-20,2215,2285,2190,2195,2423110,0,1,2038.23526559,yahoo_bootstrap
2024-03-21,2245,2265,2195,2225,1859575,0,1,2066.09269519,yahoo_bootstrap
2024-03-22,2270,2335,2250,2295,2325215,0,1,2131.09336425,yahoo_bootstrap
2024-03-25,2340,2340,2265,2265,1129593,0,1,2103.23593466,yahoo_bootstrap
2024-03-26,2290,2310,2195,2225,1747824,0,1,2066.09269519,yahoo_bootstrap
2024-03-27,2230,2260,2165,2185,1837190,0,1,2028.94945573,yahoo_bootstrap
2024-03-28,2210,2220,2100,2190,2705589,0,1,2033.59236066,yahoo_bootstrap
2024-03-29,2210,2310,2195,2260,2127000,0,1,2098.59302972,yahoo_bootstrap
2024-04-01,2305,2310,2255,2295,1507633,0,1,2131.09336425,yahoo_bootstrap
2024-04-02,2320,2330,2220,2240,1870057,0,1,2080.02140999,yahoo_bootstrap
2024-04-03,2240,2460,2225,2460,3446663,0,1,2284.30922704,yahoo_bootstrap
2024-04-08,2520,2540,2430,2475,2707883,0,1,2298.23794184,yahoo_bootstrap
2024-04-09,2475,2490,2365,2475,2145423,0,1,2298.23794184,yahoo_bootstrap
2024-04-10,2450,2495,2350,2355,1944645,0,1,2186.80822345,yahoo_bootstrap
2024-04-11,2365,2385,2315,2325,1154165,0,1,2158.95079385,yahoo_bootstrap
2024-04-12,2355,2430,2355,2405,1697301,0,1,2233.23727278,yahoo_bootstrap
2024-04-15,2375,2480,2370,2420,2308863,0,1,2247.16598758,yahoo_bootstrap
2024-04-16,2380,2385,2290,2305,2253174,0,1,2140.37917412,yahoo_bootstrap
2024-04-17,2325,2395,2310,2390,1294610,0,1,2219.30855798,yahoo_bootstrap
2024-04-18,2360,2500,2355,2500,1827424,0,1,2321.45246651,yahoo_bootstrap
2024-04-19,2455,2495,2260,2315,2327988,0,1,2149.66498399,yahoo_bootstrap
2024-04-22,2235,2245,2090,2160,3498078,0,1,2005.73493106,yahoo_bootstrap
2024-04-23,2205,2210,2070,2130,2237340,0,1,1977.87750146,yahoo_bootstrap
2024-04-24,2190,2305,2175,2290,1980421,0,1,2126.45045932,yahoo_bootstrap
2024-04-25,2225,2310,2210,2250,1628425,0,1,2089.30721986,yahoo_bootstrap
2024-04-26,2345,2410,2305,2325,1643776,0,1,2158.95079385,yahoo_bootstrap
2024-04-29,2375,2395,2315,2360,1074468,0,1,2191.45112838,yahoo_bootstrap
2024-04-30,2360,2410,2355,2360,1252401,0,1,2191.45112838,yahoo_bootstrap
2024-05-02,2340,2340,2270,2275,1058011,0,1,2112.52174452,yahoo_bootstrap
2024-05-03,2320,2335,2225,2225,919086,0,1,2066.09269519,yahoo_bootstrap
2024-05-06,2275,2330,2255,2285,1405025,0,1,2121.80755439,yahoo_bootstrap
2024-05-07,2310,2345,2255,2345,1129718,0,1,2177.52241358,yahoo_bootstrap
2024-05-08,2410,2550,2360,2395,3127410,0,1,2223.95146291,yahoo_bootstrap
2024-05-09,2410,2545,2390,2450,3011438,0,1,2275.02341718,yahoo_bootstrap
2024-05-10,2470,2505,2380,2405,1940456,0,1,2233.23727278,yahoo_bootstrap
2024-05-13,2440,2440,2355,2385,1174247,0,1,2214.66565305,yahoo_bootstrap
2024-05-14,2395,2480,2395,2470,1293764,0,1,2293.59503691,yahoo_bootstrap
2024-05-15,2480,2650,2475,2595,3315070,0,1,2409.66766023,yahoo_bootstrap
2024-05-16,2635,2715,2610,2665,2491722,0,1,2474.6683293,yahoo_bootstrap
2024-05-17,2660,2665,2600,2635,1103405,0,1,2446.8108997,yahoo_bootstrap
2024-05-20,2655,2655,2545,2595,1329152,0,1,2409.66766023,yahoo_bootstrap
2024-05-21,2620,2630,2555,2565,894932,0,1,2381.81023064,yahoo_bootstrap
2024-05-22,2575,2600,2550,2595,651303,0,1,2409.66766023,yahoo_bootstrap
2024-05-23,2615,2740,2615,2740,1911445,0,1,2544.31190329,yahoo_bootstrap
2024-05-24,2700,2865,2700,2740,2132365,0,1,2544.31190329,yahoo_bootstrap
2024-05-27,2800,2800,2700,2710,1204266,0,1,2516.45447369,yahoo_bootstrap
2024-05-28,2735,2795,2685,2685,1177438,0,1,2493.23994903,yahoo_bootstrap
2024-05-29,2710,2720,2640,2640,848415,0,1,2451.45380463,yahoo_bootstrap
2024-05-30,2605,2710,2605,2645,1003463,0,1,2456.09670957,yahoo_bootstrap
2024-05-31,2620,2645,2470,2470,2765846,0,1,2293.59503691,yahoo_bootstrap
2024-06-03,2510,2615,2500,2565,1424745,0,1,2381.81023064,yahoo_bootstrap
2024-06-04,2595,2610,2515,2535,953347,0,1,2353.95280104,yahoo_bootstrap
2024-06-05,2545,2560,2480,2525,721206,0,1,2344.66699117,yahoo_bootstrap
2024-06-06,2600,2660,2595,2620,1135630,0,1,2432.8821849,yahoo_bootstrap
2024-06-07,2650,2675,2600,2630,757114,0,1,2442.16799477,yahoo_bootstrap
2024-06-11,2625,2625,2535,2610,1162867,42,1,2462.92831002,yahoo_bootstrap
2024-06-12,2655,2730,2570,2610,1835440,0,1,2462.92831002,yahoo_bootstrap
2024-06-13,2655,2745,2655,2715,1772558,0,1,2562.01163284,yahoo_bootstrap
2024-06-14,2725,2765,2705,2765,996615,0,1,2609.19416751,yahoo_bootstrap
2024-06-17,2740,2740,2655,2660,1041741,0,1,2510.1108447,yahoo_bootstrap
2024-06-18,2670,2715,2605,2710,1165274,0,1,2557.29337937,yahoo_bootstrap
2024-06-19,2830,2980,2770,2965,3498364,0,1,2797.92430621,yahoo_bootstrap
2024-06-20,2940,2975,2880,2955,1678388,0,1,2788.48779928,yahoo_bootstrap
2024-06-21,2900,2910,2790,2800,1947427,0,1,2642.22194179,yahoo_bootstrap
2024-06-24,2800,2800,2665,2665,1494865,0,1,2514.82909817,yahoo_bootstrap
2024-06-25,2615,2620,2540,2605,2202001,0,1,2458.21005656,yahoo_bootstrap
2024-06-26,2635,2670,2565,2590,1520260,0,1,2444.05529615,yahoo_bootstrap
2024-06-27,2565,2610,2535,2555,1338750,0,1,2411.02752188,yahoo_bootstrap
2024-06-28,2570,2655,2565,2645,1547777,0,1,2495.9560843,yahoo_bootstrap
2024-07-01,2650,2650,2575,2605,1145191,0,1,2458.21005656,yahoo_bootstrap
2024-07-02,2595,2625,2555,2615,1022189,0,1,2467.64656349,yahoo_bootstrap
2024-07-03,2655,2685,2580,2620,1220233,0,1,2472.36481696,yahoo_bootstrap
2024-07-04,2640,2735,2640,2730,1491744,0,1,2576.16639324,yahoo_bootstrap
2024-07-05,2800,2800,2715,2725,958498,0,1,2571.44813977,yahoo_bootstrap
2024-07-08,2745,2795,2735,2770,1073528,0,1,2613.91242098,yahoo_bootstrap
2024-07-09,2740,2755,2645,2670,1629298,0,1,2519.54735163,yahoo_bootstrap
2024-07-10,2675,2705,2620,2620,1367511,0,1,2472.36481696,yahoo_bootstrap
2024-07-11,2580,2590,2520,2525,2642584,0,1,2382.71800108,yahoo_bootstrap
2024-07-12,2465,2485,2425,2440,1789731,0,1,2302.50769213,yahoo_bootstrap
2024-07-15,2435,2445,2370,2375,1369226,0,1,2241.17039705,yahoo_bootstrap
2024-07-16,2405,2465,2390,2460,1793541,0,1,2321.380706,yahoo_bootstrap
2024-07-17,2425,2480,2375,2380,1638537,0,1,2245.88865052,yahoo_bootstrap
2024-07-18,2300,2330,2250,2275,2376309,0,1,2146.8053277,yahoo_bootstrap
2024-07-19,2250,2310,2200,2205,1971041,0,1,2080.74977916,yahoo_bootstrap
2024-07-22,2215,2220,2115,2160,1652248,0,1,2038.28549795,yahoo_bootstrap
2024-07-23,2200,2205,2130,2170,1926383,0,1,2047.72200489,yahoo_bootstrap
2024-07-26,2000,2025,1955,1975,3936931,0,1,1863.71011965,yahoo_bootstrap
2024-07-29,2030,2050,1900,1900,2318936,0,1,1792.93631764,yahoo_bootstrap
2024-07-30,1945,2020,1935,1990,3501003,0,1,1877.86488006,yahoo_bootstrap
2024-07-31,1980,2070,1965,2030,3513319,0,1,1915.6109078,yahoo_bootstrap
2024-08-01,2150,2205,2115,2135,3499530,0,1,2014.69423061,yahoo_bootstrap
2024-08-02,2045,2095,1945,1985,2570442,0,1,1873.14662659,yahoo_bootstrap
2024-08-05,1850,1855,1790,1790,2014552,0,1,1689.13474136,yahoo_bootstrap
2024-08-06,1845,1865,1655,1775,3642109,0,1,1674.97998095,yahoo_bootstrap
2024-08-07,1765,1950,1730,1950,2783926,0,1,1840.11885232,yahoo_bootstrap
2024-08-08,1880,1930,1810,1905,2470124,0,1,1797.65457111,yahoo_bootstrap
2024-08-09,1970,1980,1865,1875,3949628,0,1,1769.3450503,yahoo_bootstrap
2024-08-12,1910,1995,1890,1965,1621550,0,1,1854.27361272,yahoo_bootstrap
2024-08-13,1990,1990,1930,1950,1299623,0,1,1840.11885232,yahoo_bootstrap
2024-08-14,2020,2025,1945,1960,1571094,0,1,1849.55535925,yahoo_bootstrap
2024-08-15,1980,2015,1925,1925,1628203,0,1,1816.52758498,yahoo_bootstrap
2024-08-16,1965,2045,1965,2025,2343247,0,1,1910.89265433,yahoo_bootstrap
2024-08-19,2010,2030,1915,1930,2774298,0,1,1821.24583845,yahoo_bootstrap
2024-08-20,1960,1995,1935,1940,1647310,0,1,1830.68234538,yahoo_bootstrap
2024-08-21,1910,1935,1890,1890,1085283,0,1,1783.49981071,yahoo_bootstrap
2024-08-22,1890,1900,1855,1865,1650812,0,1,1759.90854337,yahoo_bootstrap
2024-08-23,1845,1925,1820,1915,1575383,0,1,1807.09107804,yahoo_bootstrap
2024-08-26,1920,1975,1890,1910,1403530,0,1,1802.37282458,yahoo_bootstrap
2024-08-27,1900,1920,1880,1905,714471,0,1,1797.65457111,yahoo_bootstrap
2024-08-28,1905,1935,1885,1925,784735,0,1,1816.52758498,yahoo_bootstrap
2024-08-29,1860,1920,1830,1905,1594882,0,1,1797.65457111,yahoo_bootstrap
2024-08-30,1910,1920,1870,1900,1244642,0,1,1792.93631764,yahoo_bootstrap
2024-09-02,1925,1930,1855,1855,766618,0,1,1750.47203643,yahoo_bootstrap
2024-09-03,1860,1895,1840,1840,803536,0,1,1736.31727603,yahoo_bootstrap
2024-09-04,1715,1725,1665,1675,2801229,0,1,1580.6149116,yahoo_bootstrap
2024-09-05,1700,1700,1660,1660,1208312,0,1,1566.4601512,yahoo_bootstrap
2024-09-06,1665,1740,1655,1715,1403231,0,1,1618.36093934,yahoo_bootstrap
2024-09-09,1665,1735,1660,1715,1117310,0,1,1618.36093934,yahoo_bootstrap
2024-09-10,1725,1760,1655,1675,1313416,0,1,1580.6149116,yahoo_bootstrap
2024-09-11,1690,1690,1635,1650,2378082,0,1,1557.02364427,yahoo_bootstrap
2024-09-12,1760,1815,1740,1815,2794204,0,1,1712.72600869,yahoo_bootstrap
2024-09-13,1830,1845,1780,1780,2558894,0,1,1679.69823442,yahoo_bootstrap
2024-09-16,1800,1820,1780,1820,1039387,0,1,1717.44426216,yahoo_bootstrap
2024-09-18,1790,1790,1705,1715,2503779,0,1,1618.36093934,yahoo_bootstrap
2024-09-19,1740,1830,1725,1820,1797894,0,1,1717.44426216,yahoo_bootstrap
2024-09-20,1850,1870,1770,1770,1373367,0,1,1670.26172749,yahoo_bootstrap
2024-09-23,1805,1815,1770,1775,971560,0,1,1674.97998095,yahoo_bootstrap
2024-09-24,1780,1805,1765,1795,1684228,0,1,1693.85299482,yahoo_bootstrap
2024-09-25,1825,1875,1815,1825,2222068,0,1,1722.16251563,yahoo_bootstrap
2024-09-26,1830,1840,1810,1825,1344415,0,1,1722.16251563,yahoo_bootstrap
2024-09-27,1835,1880,1790,1825,2066996,0,1,1722.16251563,yahoo_bootstrap
2024-09-30,1830,1830,1715,1715,1906921,0,1,1618.36093934,yahoo_bootstrap
2024-10-01,1730,1780,1725,1755,1055201,0,1,1656.10696708,yahoo_bootstrap
2024-10-04,1760,1785,1730,1730,1653757,0,1,1632.51569975,yahoo_bootstrap
2024-10-07,1765,1775,1700,1705,1453449,0,1,1608.92443241,yahoo_bootstrap
2024-10-08,1705,1760,1705,1745,937474,0,1,1646.67046015,yahoo_bootstrap
2024-10-09,1790,1875,1790,1805,2127807,0,1,1703.28950176,yahoo_bootstrap
2024-10-11,1840,1905,1830,1895,2425919,0,1,1788.21806417,yahoo_bootstrap
2024-10-14,1910,2005,1910,1990,3808998,0,1,1877.86488006,yahoo_bootstrap
2024-10-15,2020,2025,1950,1965,2794526,0,1,1854.27361272,yahoo_bootstrap
2024-10-16,1910,1955,1900,1930,1611121,0,1,1821.24583845,yahoo_bootstrap
2024-10-17,1950,1965,1905,1950,1088371,0,1,1840.11885232,yahoo_bootstrap
2024-10-18,1980,1995,1920,1935,1446000,0,1,1825.96409191,yahoo_bootstrap
2024-10-21,1940,1990,1940,1975,1055584,0,1,1863.71011965,yahoo_bootstrap
2024-10-22,1965,2045,1960,2025,2189034,0,1,1910.89265433,yahoo_bootstrap
2024-10-23,2025,2060,2020,2045,1614919,0,1,1929.7656682,yahoo_bootstrap
2024-10-24,2035,2035,1985,1985,1552784,0,1,1873.14662659,yahoo_bootstrap
2024-10-25,1995,2010,1965,1980,991413,0,1,1868.42837312,yahoo_bootstrap
2024-10-28,2005,2025,1960,1970,760758,0,1,1858.99186619,yahoo_bootstrap
2024-10-29,1955,1955,1895,1920,1005681,0,1,1811.80933151,yahoo_bootstrap
2024-10-30,1920,1950,1905,1905,1081803,0,1,1797.65457111,yahoo_bootstrap
2024-11-01,1845,1885,1820,1865,1976917,0,1,1759.90854337,yahoo_bootstrap
2024-11-04,1880,1970,1880,1960,1586170,0,1,1849.55535925,yahoo_bootstrap
2024-11-05,1945,1970,1925,1930,1112404,0,1,1821.24583845,yahoo_bootstrap
2024-11-06,1960,2000,1950,1990,1280208,0,1,1877.86488006,yahoo_bootstrap
2024-11-07,1995,2020,1970,2000,1522031,0,1,1887.30138699,yahoo_bootstrap
2024-11-08,2020,2075,2000,2060,1679330,0,1,1943.9204286,yahoo_bootstrap
2024-11-11,2120,2135,2070,2085,2871600,0,1,1967.51169594,yahoo_bootstrap
2024-11-12,2075,2150,2055,2100,3282311,0,1,1981.66645634,yahoo_bootstrap
2024-11-13,2140,2150,2075,2140,2370656,0,1,2019.41248408,yahoo_bootstrap
2024-11-14,2200,2310,2175,2260,4925493,0,1,2132.6505673,yahoo_bootstrap
2024-11-15,2295,2295,2145,2160,2365505,0,1,2038.28549795,yahoo_bootstrap
2024-11-18,2155,2170,2065,2065,1796998,0,1,1948.63868207,yahoo_bootstrap
2024-11-19,2080,2120,2060,2085,1609624,0,1,1967.51169594,yahoo_bootstrap
2024-11-20,2115,2115,2070,2080,1164226,0,1,1962.79344247,yahoo_bootstrap
2024-11-21,2060,2085,2030,2035,1495845,0,1,1920.32916126,yahoo_bootstrap
2024-11-22,2080,2170,2075,2130,2308256,0,1,2009.97597715,yahoo_bootstrap
2024-11-25,2165,2245,2160,2200,2511484,0,1,2076.03152569,yahoo_bootstrap
2024-11-26,2130,2140,2095,2115,1835242,0,1,1995.82121674,yahoo_bootstrap
2024-11-27,2045,2070,1910,1910,5144685,0,1,1802.37282458,yahoo_bootstrap
2024-11-28,1980,1980,1905,1980,3123258,0,1,1868.42837312,yahoo_bootstrap
2024-11-29,1955,1975,1930,1935,1971973,0,1,1825.96409191,yahoo_bootstrap
2024-12-02,1980,1990,1945,1955,1650488,0,1,1844.83710578,yahoo_bootstrap
2024-12-03,1985,2030,1970,2020,1905952,0,1,1906.17440086,yahoo_bootstrap
2024-12-04,2050,2210,2035,2190,3820834,0,1,2066.59501875,yahoo_bootstrap
2024-12-05,2295,2360,2230,2325,5011271,0,1,2193.98786238,yahoo_bootstrap
2024-12-06,2375,2455,2355,2410,4087571,0,1,2274.19817132,yahoo_bootstrap
2024-12-09,2500,2545,2455,2485,4890454,0,1,2344.97197334,yahoo_bootstrap
2024-12-10,2465,2510,2415,2435,2847704,0,1,2297.78943866,yahoo_bootstrap
2024-12-11,2410,2500,2410,2480,3061674,0,1,2340.25371987,yahoo_bootstrap
2024-12-12,2510,2520,2465,2465,1825762,0,1,2326.09895947,yahoo_bootstrap
2024-12-13,2485,2535,2470,2515,2395026,0,1,2373.28149414,yahoo_bootstrap
2024-12-16,2520,2590,2480,2500,3174931,0,1,2359.12673374,yahoo_bootstrap
2024-12-17,2505,2645,2485,2605,3196646,0,1,2458.21005656,yahoo_bootstrap
2024-12-18,2605,2605,2500,2565,2714746,0,1,2420.46402882,yahoo_bootstrap
2024-12-19,2500,2710,2500,2670,3849238,0,1,2519.54735163,yahoo_bootstrap
2024-12-20,2680,2720,2620,2640,3505099,0,1,2491.23783083,yahoo_bootstrap
2024-12-23,2685,2700,2595,2650,1747306,0,1,2500.67433776,yahoo_bootstrap
2024-12-24,2655,2655,2535,2535,2489335,0,1,2392.15450801,yahoo_bootstrap
2024-12-25,2535,2610,2535,2585,1260588,0,1,2439.33704269,yahoo_bootstrap
2024-12-26,2565,2635,2555,2570,1291452,0,1,2425.18228228,yahoo_bootstrap
2024-12-27,2565,2605,2560,2595,894289,0,1,2448.77354962,yahoo_bootstrap
2024-12-30,2590,2615,2520,2550,1213648,0,1,2406.30926841,yahoo_bootstrap
2024-12-31,2550,2625,2540,2620,894091,0,1,2472.36481696,yahoo_bootstrap
2025-01-02,2600,2675,2535,2550,1883616,0,1,2406.30926841,yahoo_bootstrap
2025-01-03,2570,2645,2545,2610,1566539,0,1,2462.92831002,yahoo_bootstrap
2025-01-06,2685,2770,2640,2700,2848242,0,1,2547.85687244,yahoo_bootstrap
2025-01-07,2720,2770,2680,2770,2384648,0,1,2613.91242098,yahoo_bootstrap
2025-01-08,2740,2870,2730,2755,2937885,0,1,2599.75766058,yahoo_bootstrap
2025-01-09,2725,2735,2590,2615,4388450,0,1,2467.64656349,yahoo_bootstrap
2025-01-10,2650,2680,2505,2535,3017697,0,1,2392.15450801,yahoo_bootstrap
2025-01-13,2540,2555,2410,2425,2800304,0,1,2288.35293173,yahoo_bootstrap
2025-01-14,2435,2465,2385,2440,1483695,0,1,2302.50769213,yahoo_bootstrap
2025-01-15,2420,2435,2325,2330,2172748,0,1,2198.70611584,yahoo_bootstrap
2025-01-16,2460,2460,2330,2395,2293484,0,1,2260.04341092,yahoo_bootstrap
2025-01-17,2405,2435,2330,2415,1734354,0,1,2278.91642479,yahoo_bootstrap
2025-01-20,2450,2480,2405,2450,2163235,0,1,2311.94419906,yahoo_bootstrap
2025-01-21,2405,2455,2340,2365,2917011,0,1,2231.73389012,yahoo_bootstrap
2025-01-22,2360,2410,2215,2240,5026087,0,1,2113.77755343,yahoo_bootstrap
2025-02-03,2020,2020,2020,2020,702119,0,1,1906.17440086,yahoo_bootstrap
2025-02-04,2115,2140,2005,2010,5377891,0,1,1896.73789393,yahoo_bootstrap
2025-02-05,2060,2125,2055,2095,2377029,0,1,1976.94820287,yahoo_bootstrap
2025-02-06,2110,2140,2090,2120,1844301,0,1,2000.53947021,yahoo_bootstrap
2025-02-07,2145,2205,2135,2190,1857416,0,1,2066.59501875,yahoo_bootstrap
2025-02-10,2190,2190,2130,2175,1284086,0,1,2052.44025835,yahoo_bootstrap
2025-02-11,2225,2260,2195,2225,1814623,0,1,2099.62279303,yahoo_bootstrap
2025-02-12,2275,2300,2220,2220,1524961,0,1,2094.90453956,yahoo_bootstrap
2025-02-13,2180,2205,2120,2120,2083820,0,1,2000.53947021,yahoo_bootstrap
2025-02-14,2120,2150,2045,2045,2738065,0,1,1929.7656682,yahoo_bootstrap
2025-02-17,2045,2100,2040,2090,1719751,0,1,1972.22994941,yahoo_bootstrap
2025-02-18,2100,2195,2090,2180,1496918,0,1,2057.15851182,yahoo_bootstrap
2025-02-19,2170,2175,2110,2115,1709058,0,1,1995.82121674,yahoo_bootstrap
2025-02-20,2140,2140,2080,2080,1217728,0,1,1962.79344247,yahoo_bootstrap
2025-02-21,2070,2085,2045,2080,1192261,0,1,1962.79344247,yahoo_bootstrap
2025-02-24,2050,2050,1965,2040,2899029,0,1,1925.04741473,yahoo_bootstrap
2025-02-25,1980,2010,1935,1935,2487640,0,1,1825.96409191,yahoo_bootstrap
2025-02-26,1920,2030,1920,2025,2236720,0,1,1910.89265433,yahoo_bootstrap
2025-02-27,2045,2060,1965,1965,2105706,0,1,1854.27361272,yahoo_bootstrap
2025-03-03,1900,1965,1890,1920,2340311,0,1,1811.80933151,yahoo_bootstrap
2025-03-04,1870,1960,1845,1935,1805122,0,1,1825.96409191,yahoo_bootstrap
2025-03-05,1990,2055,1970,2050,3096227,0,1,1934.48392167,yahoo_bootstrap
2025-03-06,2050,2120,2005,2060,3001532,0,1,1943.9204286,yahoo_bootstrap
2025-03-07,2010,2080,2010,2030,1825698,0,1,1915.6109078,yahoo_bootstrap
2025-03-10,2075,2085,1990,2000,2284826,0,1,1887.30138699,yahoo_bootstrap
2025-03-11,1940,1985,1935,1960,1766925,0,1,1849.55535925,yahoo_bootstrap
2025-03-12,1975,2025,1935,1945,1581886,0,1,1835.40059885,yahoo_bootstrap
2025-03-13,1990,2020,1950,1955,1270718,0,1,1844.83710578,yahoo_bootstrap
2025-03-14,1965,1970,1910,1920,1475827,0,1,1811.80933151,yahoo_bootstrap
2025-03-17,1945,1960,1900,1910,1392380,0,1,1802.37282458,yahoo_bootstrap
2025-03-18,1940,1985,1940,1985,1095776,0,1,1873.14662659,yahoo_bootstrap
2025-03-19,1965,1980,1940,1945,1168330,0,1,1835.40059885,yahoo_bootstrap
2025-03-20,1990,2015,1965,2015,1879282,0,1,1901.45614739,yahoo_bootstrap
2025-03-21,2000,2005,1945,1950,1690496,0,1,1840.11885232,yahoo_bootstrap
2025-03-24,1975,1975,1895,1895,890690,0,1,1788.21806417,yahoo_bootstrap
2025-03-25,1930,1940,1900,1915,1063831,0,1,1807.09107804,yahoo_bootstrap
2025-03-26,1910,1930,1905,1920,636333,0,1,1811.80933151,yahoo_bootstrap
2025-03-27,1895,1895,1825,1845,1954252,0,1,1741.0355295,yahoo_bootstrap
2025-03-28,1805,1825,1750,1755,2287352,0,1,1656.10696708,yahoo_bootstrap
2025-03-31,1675,1725,1635,1635,2292207,0,1,1542.86888386,yahoo_bootstrap
2025-04-01,1685,1730,1660,1725,1477185,0,1,1627.79744628,yahoo_bootstrap
2025-04-02,1690,1740,1685,1740,1060407,0,1,1641.95220668,yahoo_bootstrap
2025-04-07,1570,1570,1570,1570,178486,0,1,1481.53158879,yahoo_bootstrap
2025-04-08,1465,1645,1465,1640,4870571,0,1,1547.58713733,yahoo_bootstrap
2025-04-09,1600,1700,1520,1605,5687755,0,1,1514.55936306,yahoo_bootstrap
2025-04-10,1765,1765,1765,1765,343080,0,1,1665.54347402,yahoo_bootstrap
2025-04-11,1765,1920,1705,1900,5579083,0,1,1792.93631764,yahoo_bootstrap
2025-04-14,1920,1985,1905,1910,5179050,0,1,1802.37282458,yahoo_bootstrap
2025-04-15,1920,1925,1850,1860,3310505,0,1,1755.1902899,yahoo_bootstrap
2025-04-16,1830,1895,1830,1840,2179684,0,1,1736.31727603,yahoo_bootstrap
2025-04-17,1855,1910,1830,1880,2542465,0,1,1774.06330377,yahoo_bootstrap
2025-04-18,1885,1900,1865,1885,1283371,0,1,1778.78155724,yahoo_bootstrap
2025-04-21,1880,1880,1805,1840,1991657,0,1,1736.31727603,yahoo_bootstrap
2025-04-22,1780,1830,1740,1770,2507141,0,1,1670.26172749,yahoo_bootstrap
2025-04-23,1830,1900,1825,1900,2084130,0,1,1792.93631764,yahoo_bootstrap
2025-04-24,1910,1910,1860,1865,1539407,0,1,1759.90854337,yahoo_bootstrap
2025-04-25,1945,1955,1900,1905,1871131,0,1,1797.65457111,yahoo_bootstrap
2025-04-28,1915,1935,1885,1900,1032494,0,1,1792.93631764,yahoo_bootstrap
2025-04-29,1910,1930,1890,1930,1034690,0,1,1821.24583845,yahoo_bootstrap
2025-04-30,1920,1940,1890,1910,1028411,0,1,1802.37282458,yahoo_bootstrap
2025-05-02,1990,2075,1990,2065,3425292,0,1,1948.63868207,yahoo_bootstrap
2025-05-05,2075,2085,2015,2040,2067764,0,1,1925.04741473,yahoo_bootstrap
2025-05-06,2040,2155,2030,2125,2896917,0,1,2005.25772368,yahoo_bootstrap
2025-05-07,2125,2150,2090,2090,1865853,0,1,1972.22994941,yahoo_bootstrap
2025-05-08,2135,2150,2090,2150,2192328,0,1,2028.84899102,yahoo_bootstrap
2025-05-09,2150,2250,2130,2200,3647224,0,1,2076.03152569,yahoo_bootstrap
2025-05-12,2240,2305,2235,2255,3259561,0,1,2127.93231383,yahoo_bootstrap
2025-05-13,2320,2330,2225,2225,2963372,0,1,2099.62279303,yahoo_bootstrap
2025-05-14,2335,2390,2320,2345,4230656,0,1,2212.86087625,yahoo_bootstrap
2025-05-15,2355,2380,2340,2380,1880381,0,1,2245.88865052,yahoo_bootstrap
2025-05-16,2400,2410,2355,2380,1976972,0,1,2245.88865052,yahoo_bootstrap
2025-05-19,2350,2350,2260,2260,2345290,0,1,2132.6505673,yahoo_bootstrap
2025-05-20,2305,2355,2285,2300,2186884,0,1,2170.39659504,yahoo_bootstrap
2025-05-21,2300,2345,2295,2345,1128335,0,1,2212.86087625,yahoo_bootstrap
2025-05-22,2310,2340,2300,2340,1040277,0,1,2208.14262278,yahoo_bootstrap
2025-05-23,2350,2355,2260,2280,1980031,0,1,2151.52358117,yahoo_bootstrap
2025-05-26,2295,2385,2295,2370,2833997,0,1,2236.45214358,yahoo_bootstrap
2025-05-27,2350,2405,2310,2325,2277595,0,1,2193.98786238,yahoo_bootstrap
2025-05-28,2390,2405,2355,2380,2350406,0,1,2245.88865052,yahoo_bootstrap
2025-05-29,2435,2465,2420,2420,3658848,0,1,2283.63467826,yahoo_bootstrap
2025-06-02,2395,2440,2370,2410,1760384,0,1,2274.19817132,yahoo_bootstrap
2025-06-03,2435,2480,2415,2480,2197481,0,1,2340.25371987,yahoo_bootstrap
2025-06-04,2500,2550,2485,2535,2575300,0,1,2392.15450801,yahoo_bootstrap
2025-06-05,2580,2580,2475,2485,1958125,0,1,2344.97197334,yahoo_bootstrap
2025-06-06,2465,2475,2405,2465,1430159,0,1,2326.09895947,yahoo_bootstrap
2025-06-09,2500,2510,2455,2465,1625464,0,1,2326.09895947,yahoo_bootstrap
2025-06-10,2495,2520,2470,2485,1344807,0,1,2344.97197334,yahoo_bootstrap
2025-06-11,2500,2550,2500,2525,2119312,0,1,2382.71800108,yahoo_bootstrap
2025-06-12,2535,2560,2510,2535,2026164,0,1,2392.15450801,yahoo_bootstrap
2025-06-13,2515,2580,2490,2565,1749063,0,1,2420.46402882,yahoo_bootstrap
2025-06-16,2550,2570,2525,2525,813730,0,1,2382.71800108,yahoo_bootstrap
2025-06-17,2560,2610,2535,2550,2225282,0,1,2406.30926841,yahoo_bootstrap
2025-06-18,2550,2565,2525,2560,1057600,0,1,2415.74577535,yahoo_bootstrap
2025-06-19,2565,2595,2530,2530,1678864,0,1,2387.43625454,yahoo_bootstrap
2025-06-20,2555,2575,2535,2535,1384516,0,1,2392.15450801,yahoo_bootstrap
2025-06-23,2510,2595,2505,2550,1544256,0,1,2406.30926841,yahoo_bootstrap
2025-06-24,2560,2560,2510,2515,1752398,74,1,2444.21155495,yahoo_bootstrap
2025-06-25,2545,2710,2540,2710,3116483,0,1,2633.72298764,yahoo_bootstrap
2025-06-26,2725,2725,2610,2620,2392830,0,1,2546.25617255,yahoo_bootstrap
2025-06-27,2640,2645,2510,2530,3350516,0,1,2458.78935747,yahoo_bootstrap
2025-06-30,2550,2575,2520,2530,1448867,0,1,2458.78935747,yahoo_bootstrap
2025-07-01,2545,2565,2360,2450,5408737,0,1,2381.04107739,yahoo_bootstrap
2025-07-02,2480,2495,2455,2490,2601958,0,1,2419.91521743,yahoo_bootstrap
2025-07-03,2540,2540,2470,2470,1891436,0,1,2400.47814741,yahoo_bootstrap
2025-07-04,2500,2520,2455,2455,1462434,0,1,2385.90034489,yahoo_bootstrap
2025-07-07,2455,2480,2420,2455,1018614,0,1,2385.90034489,yahoo_bootstrap
2025-07-08,2445,2465,2405,2420,946449,0,1,2351.88547236,yahoo_bootstrap
2025-07-09,2520,2560,2485,2560,2571309,0,1,2487.9449625,yahoo_bootstrap
2025-07-10,2560,2600,2555,2595,1451334,0,1,2521.95983503,yahoo_bootstrap
2025-07-11,2600,2615,2550,2605,913443,0,1,2531.67837004,yahoo_bootstrap
2025-07-14,2580,2580,2465,2465,2173939,0,1,2395.6188799,yahoo_bootstrap
2025-07-15,2470,2525,2455,2520,1386643,0,1,2449.07082246,yahoo_bootstrap
2025-07-16,2525,2560,2505,2505,1042660,0,1,2434.49301994,yahoo_bootstrap
2025-07-17,2530,2535,2455,2455,1349577,0,1,2385.90034489,yahoo_bootstrap
2025-07-18,2490,2595,2490,2590,2077285,0,1,2517.10056752,yahoo_bootstrap
2025-07-21,2585,2605,2520,2525,1150574,0,1,2453.93008996,yahoo_bootstrap
2025-07-22,2545,2580,2470,2470,1298362,0,1,2400.47814741,yahoo_bootstrap
2025-07-23,2485,2500,2415,2445,2223441,0,1,2376.18180988,yahoo_bootstrap
2025-07-24,2465,2545,2465,2510,2116669,0,1,2439.35228745,yahoo_bootstrap
2025-07-25,2510,2540,2495,2515,864696,0,1,2444.21155495,yahoo_bootstrap
2025-07-28,2525,2605,2510,2600,1495438,0,1,2526.81910253,yahoo_bootstrap
2025-07-29,2600,2655,2585,2630,1747807,0,1,2555.97470756,yahoo_bootstrap
2025-07-30,2660,2680,2600,2650,1155596,0,1,2575.41177758,yahoo_bootstrap
2025-07-31,2730,2795,2710,2765,2598063,0,1,2687.17493019,yahoo_bootstrap
2025-08-04,2700,2700,2635,2645,1307159,0,1,2570.55251008,yahoo_bootstrap
2025-08-05,2690,2755,2680,2755,1446018,0,1,2677.45639519,yahoo_bootstrap
2025-08-06,2725,2780,2720,2775,947208,0,1,2696.8934652,yahoo_bootstrap
2025-08-07,2795,2815,2770,2810,1245509,0,1,2730.90833774,yahoo_bootstrap
2025-08-08,2830,2900,2800,2890,1754419,0,1,2808.65661782,yahoo_bootstrap
2025-08-11,3075,3175,3045,3175,3102093,0,1,3085.63486559,yahoo_bootstrap
2025-08-12,3230,3295,3200,3270,3257252,0,1,3177.96094819,yahoo_bootstrap
2025-08-13,3310,3450,3305,3385,2768810,0,1,3289.7241008,yahoo_bootstrap
2025-08-14,3390,3415,3340,3395,1490787,0,1,3299.44263581,yahoo_bootstrap
2025-08-15,3375,3375,3320,3345,988054,0,1,3250.84996076,yahoo_bootstrap
2025-08-18,3315,3425,3315,3425,928924,0,1,3328.59824084,yahoo_bootstrap
2025-08-19,3415,3435,3290,3305,1147806,0,1,3211.97582072,yahoo_bootstrap
2025-08-20,3195,3245,2980,2985,3382095,0,1,2900.98270041,yahoo_bootstrap
2025-08-21,3050,3085,3000,3030,2484895,0,1,2944.71610795,yahoo_bootstrap
2025-08-22,3020,3035,2965,2970,1082454,0,1,2886.40489789,yahoo_bootstrap
2025-08-25,3090,3110,3030,3050,1305009,0,1,2964.15317797,yahoo_bootstrap
2025-08-26,3030,3055,2975,3055,1156483,0,1,2969.01244548,yahoo_bootstrap
2025-08-27,3055,3055,2975,2985,1693885,0,1,2900.98270041,yahoo_bootstrap
2025-08-28,2970,3020,2970,2975,1111913,0,1,2891.2641654,yahoo_bootstrap
2025-08-29,3020,3030,2965,2965,1201786,0,1,2881.54563039,yahoo_bootstrap
2025-09-01,2935,2940,2745,2835,2866397,0,1,2755.20467526,yahoo_bootstrap
2025-09-02,2890,3000,2865,2885,2425167,0,1,2803.79735031,yahoo_bootstrap
2025-09-03,2935,2965,2900,2925,1364887,0,1,2842.67149035,yahoo_bootstrap
2025-09-04,2990,3040,2930,2935,2222676,0,1,2852.39002536,yahoo_bootstrap
2025-09-05,3010,3040,2985,3025,1846060,0,1,2939.85684045,yahoo_bootstrap
2025-09-08,3100,3150,3065,3125,1897180,0,1,3037.04219055,yahoo_bootstrap
2025-09-09,3100,3100,2990,3010,3356239,0,1,2925.27903793,yahoo_bootstrap
2025-09-10,3100,3310,3100,3310,2794376,0,1,3216.83508823,yahoo_bootstrap
2025-09-11,3350,3365,3260,3310,3300883,0,1,3216.83508823,yahoo_bootstrap
2025-09-12,3355,3375,3220,3240,1991294,0,1,3148.80534316,yahoo_bootstrap
2025-09-15,3210,3245,3155,3220,1257831,0,1,3129.36827314,yahoo_bootstrap
2025-09-16,3205,3305,3200,3200,1459607,0,1,3109.93120312,yahoo_bootstrap
2025-09-17,3195,3230,3155,3160,1213382,0,1,3071.05706308,yahoo_bootstrap
2025-09-18,3160,3260,3140,3200,1548437,0,1,3109.93120312,yahoo_bootstrap
2025-09-19,3230,3265,3210,3230,1160624,0,1,3139.08680815,yahoo_bootstrap
2025-09-22,3240,3245,3125,3125,1294142,0,1,3037.04219055,yahoo_bootstrap
2025-09-23,3150,3170,3115,3140,1147520,0,1,3051.61999306,yahoo_bootstrap
2025-09-24,3140,3140,3020,3080,1215457,0,1,2993.308783,yahoo_bootstrap
2025-09-25,3135,3165,3075,3095,1438531,0,1,3007.88658552,yahoo_bootstrap
2025-09-26,3135,3155,3020,3050,1521606,0,1,2964.15317797,yahoo_bootstrap
2025-09-30,3095,3315,3095,3315,2931855,0,1,3221.69435573,yahoo_bootstrap
2025-10-01,3315,3380,3260,3300,2234458,0,1,3207.11655322,yahoo_bootstrap
2025-10-02,3410,3425,3275,3315,1892178,0,1,3221.69435573,yahoo_bootstrap
2025-10-03,3405,3540,3405,3465,2969886,0,1,3367.47238088,yahoo_bootstrap
2025-10-07,3525,3530,3425,3510,1599336,0,1,3411.20578842,yahoo_bootstrap
2025-10-08,3460,3480,3400,3435,1405547,0,1,3338.31677585,yahoo_bootstrap
2025-10-09,3460,3485,3310,3370,2649432,0,1,3275.14629828,yahoo_bootstrap
2025-10-13,3260,3430,3210,3430,2501158,0,1,3333.45750834,yahoo_bootstrap
2025-10-14,3525,3615,3470,3510,2968230,0,1,3411.20578842,yahoo_bootstrap
2025-10-15,3580,3800,3555,3795,3025652,0,1,3688.1840362,yahoo_bootstrap
2025-10-16,3880,3945,3805,3860,2217212,0,1,3751.35451376,yahoo_bootstrap
2025-10-17,3880,3900,3785,3785,1774144,0,1,3678.46550119,yahoo_bootstrap
2025-10-20,3845,3890,3790,3880,1472824,0,1,3770.79158378,yahoo_bootstrap
2025-10-21,3945,4130,3945,4065,2414091,0,1,3950.58448146,yahoo_bootstrap
2025-10-22,4045,4220,4010,4065,2406968,0,1,3950.58448146,yahoo_bootstrap
2025-10-23,4020,4115,4015,4105,1209026,0,1,3989.4586215,yahoo_bootstrap
2025-10-27,4220,4245,4045,4055,1641383,0,1,3940.86594645,yahoo_bootstrap
2025-10-28,4060,4100,3985,4085,1025730,0,1,3970.02155148,yahoo_bootstrap
2025-10-29,4080,4125,4045,4110,899400,0,1,3994.31788901,yahoo_bootstrap
2025-10-30,4150,4330,4150,4300,2243164,0,1,4178.97005419,yahoo_bootstrap
2025-10-31,4345,4375,4255,4365,1296759,0,1,4242.14053175,yahoo_bootstrap
2025-11-03,4335,4355,4250,4315,1160002,0,1,4193.54785671,yahoo_bootstrap
2025-11-04,4330,4375,4285,4300,881679,0,1,4178.97005419,yahoo_bootstrap
2025-11-05,4145,4220,4050,4165,1896985,0,1,4047.76983156,yahoo_bootstrap
2025-11-06,4150,4365,4140,4320,1454617,0,1,4198.40712421,yahoo_bootstrap
2025-11-07,4280,4340,4075,4075,2421214,0,1,3960.30301647,yahoo_bootstrap
2025-11-10,4250,4335,4155,4295,3249872,0,1,4174.11078669,yahoo_bootstrap
2025-11-11,4410,4720,4410,4720,3306273,0,1,4587.1485246,yahoo_bootstrap
2025-11-12,4725,4725,4540,4560,2392702,0,1,4431.65196444,yahoo_bootstrap
2025-11-13,4540,4560,4410,4460,1786203,0,1,4334.46661435,yahoo_bootstrap
2025-11-14,4365,4410,4280,4280,2055552,0,1,4159.53298417,yahoo_bootstrap
2025-11-17,4365,4440,4310,4350,1383416,0,1,4227.56272924,yahoo_bootstrap
2025-11-18,4260,4300,4130,4130,1670831,0,1,4013.75495903,yahoo_bootstrap
2025-11-19,4130,4275,4125,4150,1492438,0,1,4033.19202904,yahoo_bootstrap
2025-11-20,4395,4430,4240,4280,1976665,0,1,4159.53298417,yahoo_bootstrap
2025-11-21,4080,4145,4050,4095,1515632,0,1,3979.74008649,yahoo_bootstrap
2025-11-24,4060,4105,3980,4030,2443441,0,1,3916.56960893,yahoo_bootstrap
2025-11-25,4150,4200,4060,4170,1359689,0,1,4052.62909906,yahoo_bootstrap
2025-11-26,4270,4465,4225,4450,2195463,0,1,4324.74807934,yahoo_bootstrap
2025-11-27,4465,4525,4425,4450,1108952,0,1,4324.74807934,yahoo_bootstrap
2025-11-28,4480,4635,4415,4570,1271168,0,1,4441.37049945,yahoo_bootstrap
2025-12-01,4570,4570,4370,4430,1441892,0,1,4305.31100932,yahoo_bootstrap
2025-12-02,4540,4675,4480,4480,2089251,0,1,4353.90368437,yahoo_bootstrap
2025-12-03,4510,4650,4490,4600,1205664,0,1,4470.52610448,yahoo_bootstrap
2025-12-04,4630,4640,4525,4545,1020191,0,1,4417.07416193,yahoo_bootstrap
2025-12-05,4550,4745,4550,4685,1664616,0,1,4553.13365207,yahoo_bootstrap
2025-12-08,4740,4765,4600,4630,1028583,0,1,4499.68170951,yahoo_bootstrap
2025-12-09,4660,4680,4520,4520,1434417,0,1,4392.77782441,yahoo_bootstrap
2025-12-10,4550,4570,4480,4525,887708,0,1,4397.63709191,yahoo_bootstrap
2025-12-11,4555,4620,4520,4520,1285970,0,1,4392.77782441,yahoo_bootstrap
2025-12-12,4555,4565,4380,4405,1739377,0,1,4281.01467179,yahoo_bootstrap
2025-12-15,4260,4320,4240,4290,1315174,0,1,4169.25151918,yahoo_bootstrap
2025-12-16,4245,4260,4155,4160,1361452,0,1,4042.91056405,yahoo_bootstrap
2025-12-17,4120,4265,4115,4175,831292,0,1,4057.48836657,yahoo_bootstrap
2025-12-18,4135,4205,4080,4175,991538,0,1,4057.48836657,yahoo_bootstrap
2025-12-19,4255,4315,4210,4285,1179874,0,1,4164.39225168,yahoo_bootstrap
2025-12-22,4330,4360,4225,4250,1198661,0,1,4130.37737914,yahoo_bootstrap
2025-12-23,4275,4320,4235,4255,752950,0,1,4135.23664665,yahoo_bootstrap
2025-12-24,4305,4315,4205,4240,776933,0,1,4120.65884413,yahoo_bootstrap
2025-12-26,4275,4305,4235,4300,516575,0,1,4178.97005419,yahoo_bootstrap
2025-12-29,4325,4365,4280,4350,729857,0,1,4227.56272924,yahoo_bootstrap
2025-12-30,4320,4415,4250,4395,889561,0,1,4271.29613678,yahoo_bootstrap
2025-12-31,4395,4490,4390,4485,964870,0,1,4358.76295187,yahoo_bootstrap
2026-01-02,4540,4595,4445,4480,1431999,0,1,4353.90368437,yahoo_bootstrap
2026-01-05,4510,4585,4460,4540,1364684,0,1,4412.21489442,yahoo_bootstrap
2026-01-06,4525,4620,4470,4615,1338619,0,1,4485.103907,yahoo_bootstrap
2026-01-07,4675,4720,4515,4670,1980453,0,1,4538.55584955,yahoo_bootstrap
2026-01-08,4710,4850,4615,4650,2191949,0,1,4519.11877953,yahoo_bootstrap
2026-01-09,4240,4310,4185,4240,4758714,0,1,4120.65884413,yahoo_bootstrap
2026-01-12,4300,4305,4095,4095,2596313,0,1,3979.74008649,yahoo_bootstrap
2026-01-13,4140,4145,3900,3900,2843608,0,1,3790.2286538,yahoo_bootstrap
2026-01-14,3950,4010,3920,3960,1530759,0,1,3848.53986386,yahoo_bootstrap
2026-01-15,3980,4005,3920,3945,840512,0,1,3833.96206135,yahoo_bootstrap
2026-01-16,3970,3975,3800,3825,1693215,0,1,3717.33964123,yahoo_bootstrap
2026-01-19,3795,3805,3710,3720,2395264,0,1,3615.29502363,yahoo_bootstrap
2026-01-20,3710,3765,3660,3670,1736785,0,1,3566.70234858,yahoo_bootstrap
2026-01-21,3695,3720,3565,3605,1937366,0,1,3503.53187101,yahoo_bootstrap
2026-01-22,3690,3765,3610,3765,2396987,0,1,3659.02843117,yahoo_bootstrap
2026-01-23,3820,3830,3680,3695,1464483,0,1,3590.9986861,yahoo_bootstrap
2026-01-26,3745,3875,3740,3840,1761262,0,1,3731.91744374,yahoo_bootstrap
2026-01-27,3840,3840,3670,3700,1675671,0,1,3595.85795361,yahoo_bootstrap
2026-01-28,3720,3760,3615,3705,2034699,0,1,3600.71722111,yahoo_bootstrap
2026-01-29,3750,3770,3685,3720,1538948,0,1,3615.29502363,yahoo_bootstrap
2026-01-30,3725,3750,3575,3575,1096636,0,1,3474.37626598,yahoo_bootstrap
2026-02-02,3585,3670,3570,3605,979548,0,1,3503.53187101,yahoo_bootstrap
2026-02-03,3720,3760,3630,3725,1185237,0,1,3620.15429113,yahoo_bootstrap
2026-02-04,3725,3755,3600,3680,1210524,0,1,3576.42088359,yahoo_bootstrap
2026-02-05,3655,3760,3610,3610,1239615,0,1,3508.39113852,yahoo_bootstrap
2026-02-06,3645,3650,3520,3645,1376750,0,1,3542.40601105,yahoo_bootstrap
2026-02-09,3705,3770,3615,3630,1657814,0,1,3527.82820854,yahoo_bootstrap
2026-02-10,3700,3735,3575,3685,1673341,0,1,3581.28015109,yahoo_bootstrap
2026-02-11,3720,3750,3660,3740,910738,0,1,3634.73209365,yahoo_bootstrap
2026-02-23,3810,3855,3610,3820,2735018,0,1,3712.48037372,yahoo_bootstrap
2026-02-24,3835,3865,3720,3835,1428843,0,1,3727.05817624,yahoo_bootstrap
2026-02-25,3855,4075,3840,4060,2596146,0,1,3945.72521396,yahoo_bootstrap
2026-02-26,4200,4200,3950,4000,2623050,0,1,3887.4140039,yahoo_bootstrap
2026-03-02,4185,4230,4085,4150,3326170,0,1,4033.19202904,yahoo_bootstrap
2026-03-03,4195,4320,4145,4145,2221227,0,1,4028.33276154,yahoo_bootstrap
2026-03-04,4045,4065,3910,3910,1610724,0,1,3799.94718881,yahoo_bootstrap
2026-03-05,4080,4225,4065,4220,1976312,0,1,4101.22177411,yahoo_bootstrap
2026-03-06,4180,4220,4100,4215,1290865,0,1,4096.36250661,yahoo_bootstrap
2026-03-09,3840,3945,3815,3930,1676099,0,1,3819.38425883,yahoo_bootstrap
2026-03-10,4045,4090,3935,3960,1362524,0,1,3848.53986386,yahoo_bootstrap
2026-03-11,4040,4220,4040,4190,1275041,0,1,4072.06616908,yahoo_bootstrap
2026-03-12,4115,4185,4085,4085,1551823,0,1,3970.02155148,yahoo_bootstrap
2026-03-13,4060,4085,3955,4070,1123905,0,1,3955.44374897,yahoo_bootstrap
2026-03-16,4085,4130,3975,4005,1118863,0,1,3892.2732714,yahoo_bootstrap
2026-03-17,4065,4070,3965,3965,1748258,0,1,3853.39913136,yahoo_bootstrap
2026-03-18,3985,4035,3815,3825,3448861,0,1,3717.33964123,yahoo_bootstrap
2026-03-19,3790,3840,3720,3765,1585611,0,1,3659.02843117,yahoo_bootstrap
2026-03-20,3775,3840,3755,3805,1204204,0,1,3697.90257121,yahoo_bootstrap
2026-03-23,3685,3710,3640,3645,986696,0,1,3542.40601105,yahoo_bootstrap
2026-03-24,3735,3785,3645,3725,816126,0,1,3620.15429113,yahoo_bootstrap
2026-03-25,3820,3855,3735,3760,953261,0,1,3654.16916366,yahoo_bootstrap
2026-03-26,3600,3645,3465,3465,4083329,0,1,3367.47238088,yahoo_bootstrap
2026-03-27,3330,3450,3320,3395,1841064,0,1,3299.44263581,yahoo_bootstrap
2026-03-30,3300,3380,3295,3370,1114129,0,1,3275.14629828,yahoo_bootstrap
2026-03-31,3330,3430,3290,3300,1387162,0,1,3207.11655322,yahoo_bootstrap
2026-04-01,3425,3480,3385,3420,1327896,0,1,3323.73897333,yahoo_bootstrap
2026-04-02,3495,3510,3375,3410,1238667,0,1,3314.02043832,yahoo_bootstrap
2026-04-07,3500,3510,3330,3395,882493,0,1,3299.44263581,yahoo_bootstrap
2026-04-08,3495,3570,3450,3570,1575530,0,1,3469.51699848,yahoo_bootstrap
2026-04-09,3580,3605,3540,3580,1353531,0,1,3479.23553349,yahoo_bootstrap
2026-04-10,3615,3670,3550,3630,1199187,0,1,3527.82820854,yahoo_bootstrap
2026-04-13,3595,3665,3535,3645,1279296,0,1,3542.40601105,yahoo_bootstrap
2026-04-14,3695,3815,3675,3755,2010303,0,1,3649.30989616,yahoo_bootstrap
2026-04-15,3830,3845,3705,3720,1573098,0,1,3615.29502363,yahoo_bootstrap
2026-04-16,3780,3800,3690,3700,1264724,0,1,3595.85795361,yahoo_bootstrap
2026-04-17,3755,3915,3755,3805,2635353,0,1,3697.90257121,yahoo_bootstrap
2026-04-20,3960,3980,3870,3980,2112176,0,1,3867.97693388,yahoo_bootstrap
2026-04-21,4030,4270,4030,4220,3407767,0,1,4101.22177411,yahoo_bootstrap
2026-04-22,4285,4390,4180,4350,2871251,0,1,4227.56272924,yahoo_bootstrap
2026-04-23,4410,4480,4130,4250,3201178,0,1,4130.37737914,yahoo_bootstrap
2026-04-24,4335,4675,4320,4635,4493181,0,1,4504.54097702,yahoo_bootstrap
2026-04-27,4980,5045,4855,4890,5331715,0,1,4752.36361977,yahoo_bootstrap
2026-04-28,4925,5000,4795,4800,2250480,0,1,4664.89680468,yahoo_bootstrap
2026-04-29,4810,4920,4710,4845,2086751,0,1,4708.63021222,yahoo_bootstrap
2026-04-30,4925,4940,4660,4675,1927830,0,1,4543.41511706,yahoo_bootstrap
2026-05-04,4700,4865,4615,4860,2273438,0,1,4723.20801474,yahoo_bootstrap
2026-05-05,4855,4860,4670,4755,1774293,0,1,4621.16339713,yahoo_bootstrap
2026-05-06,4855,4985,4630,4970,2461128,0,1,4830.11189984,yahoo_bootstrap
2026-05-07,5050,5060,4870,4880,1840496,0,1,4742.64508476,yahoo_bootstrap
2026-05-08,4920,5250,4890,5200,3662915,0,1,5053.63820507,yahoo_bootstrap
2026-05-11,5290,5345,5115,5340,2052770,0,1,5189.6976952,yahoo_bootstrap
2026-05-12,5480,5870,5415,5790,3952176,0,1,5627.03177064,yahoo_bootstrap
2026-05-13,5555,5800,5500,5580,2662228,0,1,5422.94253544,yahoo_bootstrap
2026-05-14,5715,5730,5435,5435,1597124,0,1,5282.0237778,yahoo_bootstrap
2026-05-15,5575,5575,5095,5115,2061050,0,1,4971.03065749,yahoo_bootstrap
2026-05-18,4920,5110,4920,5090,1284302,0,1,4946.73431996,yahoo_bootstrap
2026-05-19,5020,5035,4865,4890,1484484,0,1,4752.36361977,yahoo_bootstrap
2026-05-20,4890,4960,4775,4910,1618754,0,1,4771.80068979,yahoo_bootstrap
2026-05-21,5350,5400,5190,5345,2191323,0,1,5194.55696271,yahoo_bootstrap
2026-05-22,5460,5575,5330,5525,1829705,0,1,5369.49059288,yahoo_bootstrap
2026-05-25,5755,5880,5555,5610,1927891,0,1,5452.09814047,yahoo_bootstrap
2026-05-26,5600,5600,5155,5280,2330951,0,1,5131.38648515,yahoo_bootstrap
2026-05-27,5300,5350,5060,5075,1603390,0,1,4932.15651745,yahoo_bootstrap
2026-05-28,5100,5260,4900,4950,1846526,0,1,4810.67482982,yahoo_bootstrap
2026-05-29,5130,5445,5075,5445,2901794,0,1,5291.74231281,yahoo_bootstrap
2026-06-01,5715,5795,5460,5515,2078952,0,1,5359.77205788,yahoo_bootstrap
2026-06-02,5580,5675,5315,5475,1736113,0,1,5320.89791784,yahoo_bootstrap
2026-06-03,5550,5675,5420,5600,1573891,0,1,5442.37960546,yahoo_bootstrap
2026-06-04,5515,5720,5380,5570,1557805,0,1,5413.22400043,yahoo_bootstrap
2026-06-05,5540,5740,5305,5660,1836008,0,1,5500.69081552,yahoo_bootstrap
2026-06-08,5200,5330,5135,5275,1725782,0,1,5126.52721764,yahoo_bootstrap
2026-06-09,5310,5380,5210,5300,1272819,0,1,5150.82355517,yahoo_bootstrap
2026-06-10,5350,5350,5020,5065,1756144,0,1,4922.43798244,yahoo_bootstrap
2026-06-11,5000,5040,4745,4900,2641570,0,1,4762.08215478,yahoo_bootstrap
2026-06-12,5120,5135,4845,4850,1723662,0,1,4713.48947973,yahoo_bootstrap
2026-06-15,5010,5040,4880,4900,877006,0,1,4762.08215478,yahoo_bootstrap
2026-06-16,5030,5085,4880,4880,1653553,0,1,4742.64508476,yahoo_bootstrap
2026-06-17,4880,5085,4805,5080,1122923,0,1,4937.01578495,yahoo_bootstrap
2026-06-18,5150,5250,5085,5130,1546128,0,1,4985.60846,yahoo_bootstrap
2026-06-22,4985,4990,4855,4855,1623875,144.39154,1,4855,yahoo_bootstrap
2026-06-23,4930,4930,4675,4675,1644866,0,1,4675,yahoo_bootstrap
2026-06-24,4600,4645,4530,4605,1162141,0,1,4605,yahoo_bootstrap
2026-06-25,4655,4745,4535,4545,1237416,0,1,4545,yahoo_bootstrap
2026-06-26,4485,4505,4250,4280,1426391,0,1,4280,yahoo_bootstrap
2026-06-29,4350,4705,4335,4580,1760972,0,1,4580,yahoo_bootstrap
2026-06-30,4695,4720,4520,4635,1912319,0,1,4635,yahoo_bootstrap
2026-07-01,4740,5050,4655,5035,2540423,0,1,5035,yahoo_bootstrap
2026-07-02,4905,5200,4865,5200,2629906,0,1,5200,yahoo_bootstrap
2026-07-03,5180,5280,5110,5265,1352064,0,1,5265,yahoo_bootstrap
2026-07-06,5325,5325,4995,5035,1148934,0,1,5035,yahoo_bootstrap
2026-07-07,5025,5235,5010,5015,1865727,0,1,5015,yahoo_bootstrap
2026-07-08,5075,5085,4900,5050,932091,0,1,5050,yahoo_bootstrap
2026-07-09,5020,5215,4945,5040,2142065,0,1,5040,yahoo_bootstrap
2026-07-10,5040,5040,5040,5040,0,0,1,5040,yahoo_bootstrap
2026-07-13,5170,5230,4940,4960,1039797,0,1,4960,yahoo_bootstrap
2026-07-14,4930,4985,4755,4905,996404,0,1,4905,yahoo_bootstrap
2026-07-15,4950,5160,4870,5095,832610,0,1,5095,yahoo_bootstrap
2026-07-16,5090,5130,5000,5115,579525,0,1,5115,yahoo_bootstrap
2026-07-17,4900,4995,4620,4620,1457948,0,1,4620,yahoo_bootstrap
2026-07-20,4725,4845,4635,4685,1338533,0,1,4685,yahoo_bootstrap
2026-07-21,4825,5045,4825,5000,1044291,0,1,5000,yahoo_bootstrap
2026-07-22,5195,5500,5145,5500,3323715,0,1,5500,yahoo_bootstrap
2026-07-23,5470,5675,5410,5470,2232859,0,1,5470,yahoo_bootstrap
2026-07-24,5395,5835,5375,5730,2667131,0,1,5730,yahoo_bootstrap
2026-07-27,5700,5780,5480,5745,1695458,0,1,5745,yahoo_daily
2026-07-28,5455,5540,5280,5315,1771442,0,1,5315,yahoo_daily
2026-07-29,5430,5475,4940,5135,2707692,0,1,5135,yahoo_daily
2026-07-30,5055,5185,4865,4900,2151476,0,1,4900,yahoo_daily
2026-07-31,5390,5390,5300,5390,1370139,0,1,5390,yahoo_daily
2026-08-03,5530,5925,5475,5925,2967767,0,1,5925,yahoo_daily
2026-08-04,5935,6385,5800,6205,2761356,0,1,6205,yahoo_daily
2026-08-05,6265,6400,6130,6175,2074895,0,1,6175,yahoo_daily
2026-08-06,6160,6275,6050,6265,1262822,0,1,6265,yahoo_daily
2026-08-07,6155,6265,6025,6100,1337905,0,1,6100,yahoo_daily
2026-08-10,6215,6225,5990,6010,1553006,0,1,6010,yahoo_daily
2026-08-11,6040,6050,5855,5930,1580184,0,1,5930,yahoo_daily
2026-08-12,5905,6140,5900,6025,1033553,0,1,6025,yahoo_daily
2026-08-13,6095,6195,6020,6070,1261843,0,1,6070,yahoo_daily
2026-08-14,6145,6650,6140,6435,2356843,0,1,6435,yahoo_daily
2026-08-17,6585,6740,6420,6620,1358976,0,1,6620,yahoo_daily
2026-08-18,6595,6650,6285,6400,1525147,0,1,6400,yahoo_daily
2026-08-19,6190,6425,6190,6375,1179846,0,1,6375,yahoo_daily
2026-08-20,6435,6475,6245,6325,823825,0,1,6325,yahoo_daily
2026-08-21,6285,6445,6230,6255,694130,0,1,6255,yahoo_daily
2026-08-24,6300,6410,6205,6300,852788,0,1,6300,yahoo_daily
2026-08-25,6225,6440,6125,6440,1043904,0,1,6440,yahoo_daily
2026-08-26,6325,6925,6300,6785,1733540,0,1,6785,yahoo_daily
2026-08-27,6770,6960,6735,6815,1352560,0,1,6815,yahoo_daily
2026-08-28,6965,7245,6835,7200,1762857,0,1,7200,yahoo_daily
